2015-03-08 13:35:42,Group 1D,Psyho,Example,1000000
2015-03-08 13:39:11,Group 1D,Psyho,Example,1000000
2015-03-08 13:43:56,Group 1D,Psyho,Example,970588.235294118
2015-03-08 13:54:12,Group 1H,sas4eka,Example,567567.567567568
2015-03-08 13:55:03,Group 1H,sas4eka,Prov 1,806970.509383378
2015-03-08 13:55:05,Group 1H,sas4eka,Prov 2,781199.351701783
2015-03-08 13:55:07,Group 1H,sas4eka,System,780240.073868883
2015-03-08 14:36:07,Group 1B,_Romka_,Prov 1,800540.906017579
2015-03-08 14:36:09,Group 1B,_Romka_,Prov 2,793548.387096774
2015-03-08 14:36:11,Group 1B,_Romka_,System,786434.463794684
2015-03-08 14:46:54,Group 3D,lipsum,Example,567567.567567568
2015-03-08 14:47:42,Group 3D,lipsum,Prov 1,806970.509383378
2015-03-08 14:47:44,Group 3D,lipsum,Prov 2,781199.351701783
2015-03-08 14:47:46,Group 3D,lipsum,System,780240.073868883
2015-03-08 14:56:20,Group 1F,madbn,Example,567567.567567568
2015-03-08 15:07:09,Group 1D,Psyho,Prov 1,443317.97235023
2015-03-08 15:07:11,Group 1D,Psyho,Prov 2,468879.668049793
2015-03-08 15:07:13,Group 1D,Psyho,System,490071.187710753
2015-03-08 15:13:31,Group 1D,Psyho,Prov 1,590909.090909091
2015-03-08 15:13:33,Group 1D,Psyho,Prov 2,586403.736377789
2015-03-08 15:13:34,Group 1D,Psyho,System,604995.374653099
2015-03-08 15:31:40,Group 1D,Psyho,Prov 1,694767.441860465
2015-03-08 15:31:42,Group 1D,Psyho,Prov 2,661205.383265067
2015-03-08 15:31:44,Group 1D,Psyho,System,657908.034360788
2015-03-08 15:33:19,Group 3G,Fed,Example,567567.567567568
2015-03-08 15:37:42,Group 1D,Psyho,Example,315789.473684211
2015-03-08 15:38:38,Group 1D,Psyho,Prov 1,593540.524070689
2015-03-08 15:38:40,Group 1D,Psyho,Prov 2,564938.271604938
2015-03-08 15:38:41,Group 1D,Psyho,System,585683.297180043
2015-03-08 15:54:40,Group 1D,Psyho,Prov 1,699057.287889775
2015-03-08 15:54:42,Group 1D,Psyho,Prov 2,665501.165501165
2015-03-08 15:54:44,Group 1D,Psyho,System,664652.567975831
2015-03-08 16:01:51,Group 1D,Psyho,Prov 1,658469.945355191
2015-03-08 16:01:53,Group 1D,Psyho,Prov 2,624726.47702407
2015-03-08 16:01:55,Group 1D,Psyho,System,614239.181014425
2015-03-08 16:16:45,Group 1D,Psyho,Prov 1,694262.890341322
2015-03-08 16:16:47,Group 1D,Psyho,Prov 2,660035.108250439
2015-03-08 16:16:48,Group 1D,Psyho,System,659939.455095863
2015-03-08 16:43:35,Group 1B,_Romka_,Prov 1,804067.796610169
2015-03-08 16:43:37,Group 1B,_Romka_,Prov 2,783178.590933916
2015-03-08 16:43:40,Group 1B,_Romka_,System,794021.485287249
2015-03-08 17:05:05,Group 1B,moriara,Example,567567.567567568
2015-03-08 17:09:00,Group 1H,Fdg,Example,630136.98630137
2015-03-08 17:17:01,Group 1D,Psyho,Prov 1,809491.525423729
2015-03-08 17:17:03,Group 1D,Psyho,Prov 2,793770.139634801
2015-03-08 17:17:05,Group 1D,Psyho,System,801843.31797235
2015-03-08 17:19:30,Group 1C,WTrei,Example,630136.98630137
2015-03-08 17:20:15,Group 1C,WTrei,Prov 1,806495.263870095
2015-03-08 17:20:18,Group 1C,WTrei,Prov 2,792249.730893434
2015-03-08 17:20:20,Group 1C,WTrei,System,792866.941015089
2015-03-08 17:34:23,Group 2D,miguel_clean,Prov 1,809491.525423729
2015-03-08 17:34:25,Group 2D,miguel_clean,Prov 2,793770.139634801
2015-03-08 17:34:27,Group 2D,miguel_clean,System,801843.31797235
2015-03-08 17:37:59,Group 2G,martin.trojak,Example,630136.98630137
2015-03-08 17:41:45,Group 2G,martin.trojak,Prov 1,806495.263870095
2015-03-08 17:41:47,Group 2G,martin.trojak,Prov 2,792249.730893434
2015-03-08 17:41:49,Group 2G,martin.trojak,System,792866.941015089
2015-03-08 18:04:53,Group 1D,Psyho,Prov 1,809491.525423729
2015-03-08 18:04:55,Group 1D,Psyho,Prov 2,793770.139634801
2015-03-08 18:04:56,Group 1D,Psyho,System,801843.31797235
2015-03-08 18:08:31,Group 3F,rado42,Example,567567.567567568
2015-03-08 18:11:41,Group 3F,rado42,Prov 1,806970.509383378
2015-03-08 18:11:44,Group 3F,rado42,Prov 2,781199.351701783
2015-03-08 18:11:46,Group 3F,rado42,System,780240.073868883
2015-03-08 18:19:15,Group 1D,Psyho,Prov 1,80924.8554913295
2015-03-08 18:19:17,Group 1D,Psyho,Prov 2,82242.9906542056
2015-03-08 18:19:18,Group 1D,Psyho,System,198782.961460446
2015-03-08 18:45:42,Group 1B,_Romka_,Prov 1,812754.409769335
2015-03-08 18:45:44,Group 1B,_Romka_,Prov 2,792452.830188679
2015-03-08 18:45:46,Group 1B,_Romka_,System,804038.549793483
2015-03-08 18:58:02,Group 3F,rado42,Example,540540.54054054
2015-03-08 18:58:12,Group 1D,Psyho,Prov 1,781313.473256601
2015-03-08 18:58:14,Group 1D,Psyho,Prov 2,757024.79338843
2015-03-08 18:58:15,Group 1D,Psyho,System,750348.675034867
2015-03-08 19:44:34,Group 1H,sas4eka,Prov 1,12806.8303094984
2015-03-08 19:44:36,Group 1H,sas4eka,Prov 2,5454.54545454545
2015-03-08 19:44:38,Group 1H,sas4eka,System,12030.0751879699
2015-03-08 19:51:32,Group 2E,dimkadimon,Example,657534.246575342
2015-03-08 19:52:55,Group 2E,dimkadimon,Prov 1,809491.525423729
2015-03-08 19:52:57,Group 2E,dimkadimon,Prov 2,793770.139634801
2015-03-08 19:53:00,Group 2E,dimkadimon,System,801843.31797235
2015-03-08 19:57:16,Group 1D,Psyho,Prov 1,809491.525423729
2015-03-08 19:57:18,Group 1D,Psyho,Prov 2,793770.139634801
2015-03-08 19:57:19,Group 1D,Psyho,System,801843.31797235
2015-03-08 20:02:34,Group 1E,yaric_om,Prov 1,635578.583765112
2015-03-08 20:02:36,Group 1E,yaric_om,Prov 2,634435.125801677
2015-03-08 20:02:38,Group 1E,yaric_om,System,636697.997548018
2015-03-08 20:06:05,Group 2E,JRSSKumarD,Example,657534.246575342
2015-03-08 20:07:53,Group 2E,JRSSKumarD,Prov 1,809491.525423729
2015-03-08 20:07:55,Group 2E,JRSSKumarD,Prov 2,793770.139634801
2015-03-08 20:07:57,Group 2E,JRSSKumarD,System,801843.31797235
2015-03-08 20:25:58,Group 3G,pnomarev,Example,567567.567567568
2015-03-08 20:35:46,Group 1H,sas4eka,Example,704225.352112676
2015-03-08 20:36:39,Group 1H,sas4eka,Prov 1,803867.403314917
2015-03-08 20:36:41,Group 1H,sas4eka,Prov 2,766666.666666667
2015-03-08 20:36:43,Group 1H,sas4eka,System,730694.980694981
2015-03-08 21:01:39,Group 3F,rado42,Example,361445.78313253
2015-03-08 21:25:10,Group 2E,dimkadimon,Example,613333.333333333
2015-03-08 21:25:58,Group 2E,dimkadimon,Prov 1,807302.231237322
2015-03-08 21:26:00,Group 2E,dimkadimon,Prov 2,793047.256925584
2015-03-08 21:26:02,Group 2E,dimkadimon,System,812615.955473098
2015-03-08 21:33:57,Group 1D,Psyho,Prov 1,791428.571428571
2015-03-08 21:33:58,Group 1D,Psyho,Prov 2,786001.147446931
2015-03-08 21:34:00,Group 1D,Psyho,System,793666.026871401
2015-03-08 21:34:24,Group 3F,rado42,Example,567567.567567568
2015-03-08 21:45:12,Group 3F,rado42,Example,567567.567567568
2015-03-08 21:48:29,Group 3F,rado42,Prov 1,420443.587270974
2015-03-08 21:48:31,Group 3F,rado42,Prov 2,380191.693290735
2015-03-08 21:48:33,Group 3F,rado42,System,433950.223356733
2015-03-08 22:14:17,Group 2A,omegayu,Example,567567.567567568
2015-03-08 22:39:50,Group 1B,ascii892,Example,657534.246575342
2015-03-08 22:57:44,Group 1D,Psyho,Prov 1,791428.571428571
2015-03-08 22:57:46,Group 1D,Psyho,Prov 2,786001.147446931
2015-03-08 22:57:48,Group 1D,Psyho,System,793666.026871401
2015-03-08 23:14:42,Group 1D,Psyho,Prov 1,778339.350180505
2015-03-08 23:14:44,Group 1D,Psyho,Prov 2,747607.655502392
2015-03-08 23:14:45,Group 1D,Psyho,System,769230.769230769
2015-03-08 23:21:42,Group 1D,Psyho,Prov 1,794055.201698514
2015-03-08 23:21:44,Group 1D,Psyho,Prov 2,783505.154639175
2015-03-08 23:21:46,Group 1D,Psyho,System,791926.958193176
2015-03-08 23:43:19,Group 1D,Psyho,Prov 1,762190.547636909
2015-03-08 23:43:21,Group 1D,Psyho,Prov 2,723192.019950125
2015-03-08 23:43:23,Group 1D,Psyho,System,746913.580246914
2015-03-09 00:03:08,Group 1B,ascii892,Example,657534.246575342
2015-03-09 00:20:37,Group 1D,Psyho,Prov 1,762190.547636909
2015-03-09 00:20:39,Group 1D,Psyho,Prov 2,723192.019950125
2015-03-09 00:20:41,Group 1D,Psyho,System,746913.580246914
2015-03-09 00:39:01,Group 1D,Psyho,Prov 1,700072.621641249
2015-03-09 00:39:02,Group 1D,Psyho,Prov 2,682270.333528379
2015-03-09 00:39:04,Group 1D,Psyho,System,681130.171543895
2015-03-09 01:00:30,Group 1D,Psyho,Prov 1,788692.5795053
2015-03-09 01:00:32,Group 1D,Psyho,Prov 2,797043.774872086
2015-03-09 01:00:34,Group 1D,Psyho,System,793849.111004325
2015-03-09 01:16:26,Group 2E,dimkadimon,Prov 1,815718.157181572
2015-03-09 01:16:28,Group 2E,dimkadimon,Prov 2,795271.359484148
2015-03-09 01:16:31,Group 2E,dimkadimon,System,800367.985280589
2015-03-09 02:38:03,Group 2A,omegayu,Prov 1,806970.509383378
2015-03-09 02:38:05,Group 2A,omegayu,Prov 2,781199.351701783
2015-03-09 02:38:07,Group 2A,omegayu,System,780240.073868883
2015-03-09 03:12:42,Group 2F,Johan.de.Ruiter,Example,0
2015-03-09 03:23:39,Group 2F,Johan.de.Ruiter,Example,0
2015-03-09 03:26:16,Group 2F,Johan.de.Ruiter,Example,0
2015-03-09 03:27:19,Group 2F,Johan.de.Ruiter,Prov 1,0
2015-03-09 03:27:20,Group 2F,Johan.de.Ruiter,Prov 2,1885.01413760603
2015-03-09 03:27:22,Group 2F,Johan.de.Ruiter,System,0
2015-03-09 03:36:27,Group 2E,dimkadimon,Example,621621.621621622
2015-03-09 03:37:17,Group 2E,dimkadimon,Prov 1,815718.157181572
2015-03-09 03:37:19,Group 2E,dimkadimon,Prov 2,795271.359484148
2015-03-09 03:37:21,Group 2E,dimkadimon,System,800367.985280589
2015-03-09 04:35:06,Group 2E,dimkadimon,Prov 1,818428.184281843
2015-03-09 04:35:08,Group 2E,dimkadimon,Prov 2,797843.665768194
2015-03-09 04:35:10,Group 2E,dimkadimon,System,805887.76448942
2015-03-09 04:37:07,Group 1B,cxz2004,Example,630136.98630137
2015-03-09 04:48:27,Group 1B,cxz2004,Prov 1,806495.263870095
2015-03-09 04:48:29,Group 1B,cxz2004,Prov 2,792249.730893434
2015-03-09 04:48:31,Group 1B,cxz2004,System,792866.941015089
2015-03-09 04:52:27,Group 2H,wzyxp_123,Example,648648.648648649
2015-03-09 04:53:32,Group 2H,wzyxp_123,Prov 1,818983.050847458
2015-03-09 04:53:34,Group 2H,wzyxp_123,Prov 2,800214.822771214
2015-03-09 04:53:36,Group 2H,wzyxp_123,System,804979.253112033
2015-03-09 05:17:25,Group 1C,cyril.v,Example,630136.98630137
2015-03-09 05:23:45,Group 1C,cyril.v,Prov 1,806495.263870095
2015-03-09 05:23:47,Group 1C,cyril.v,Prov 2,792249.730893434
2015-03-09 05:23:49,Group 1C,cyril.v,System,792866.941015089
2015-03-09 05:47:29,Group 1B,_Romka_,Prov 1,806947.227788911
2015-03-09 05:47:31,Group 1B,_Romka_,Prov 2,782422.293676313
2015-03-09 05:47:33,Group 1B,_Romka_,System,785714.285714286
2015-03-09 05:48:57,Group 1C,WTrei,Prov 1,819228.165199729
2015-03-09 05:48:59,Group 1C,WTrei,Prov 2,796517.95429815
2015-03-09 05:49:01,Group 1C,WTrei,System,802021.129995407
2015-03-09 06:07:14,Group 1C,WTrei,Prov 1,816464.237516869
2015-03-09 06:07:16,Group 1C,WTrei,Prov 2,793736.501079914
2015-03-09 06:07:18,Group 1C,WTrei,System,802395.209580838
2015-03-09 06:15:10,Group 2E,dimkadimon,Prov 1,801086.218601494
2015-03-09 06:15:12,Group 2E,dimkadimon,Prov 2,796536.796536796
2015-03-09 06:15:14,Group 2E,dimkadimon,System,802049.37121565
2015-03-09 06:15:49,Group 1D,Psyho,Prov 1,815988.973121985
2015-03-09 06:15:51,Group 1D,Psyho,Prov 2,804226.918798665
2015-03-09 06:15:53,Group 1D,Psyho,System,791353.383458647
2015-03-09 06:25:42,Group 1D,Psyho,Prov 1,806362.378976487
2015-03-09 06:25:43,Group 1D,Psyho,Prov 2,797546.012269939
2015-03-09 06:25:45,Group 1D,Psyho,System,795101.27178521
2015-03-09 06:52:02,Group 2A,omegayu,Prov 1,798931.195724783
2015-03-09 06:52:04,Group 2A,omegayu,Prov 2,778856.526429342
2015-03-09 06:52:06,Group 2A,omegayu,System,792261.630584984
2015-03-09 06:54:32,Group 1C,WTrei,Prov 1,819538.670284939
2015-03-09 06:54:34,Group 1C,WTrei,Prov 2,798487.304159914
2015-03-09 06:54:36,Group 1C,WTrei,System,803867.403314917
2015-03-09 07:24:50,Group 1D,Psyho,Prov 1,815988.973121985
2015-03-09 07:24:51,Group 1D,Psyho,Prov 2,804226.918798665
2015-03-09 07:24:53,Group 1D,Psyho,System,791353.383458647
2015-03-09 07:30:36,Group 1D,Psyho,Prov 1,800559.832050385
2015-03-09 07:30:38,Group 1D,Psyho,Prov 2,792090.395480226
2015-03-09 07:30:39,Group 1D,Psyho,System,781338.3600377
2015-03-09 07:37:38,Group 1D,Psyho,Prov 1,795518.207282913
2015-03-09 07:37:40,Group 1D,Psyho,Prov 2,793277.31092437
2015-03-09 07:37:42,Group 1D,Psyho,System,787535.410764872
2015-03-09 07:45:02,Group 2H,wzyxp_123,Prov 1,818983.050847458
2015-03-09 07:45:04,Group 2H,wzyxp_123,Prov 2,800214.822771214
2015-03-09 07:45:06,Group 2H,wzyxp_123,System,804979.253112033
2015-03-09 07:46:43,Group 3B,EvbCFfp1XB,Example,567567.567567568
2015-03-09 07:48:04,Group 3B,EvbCFfp1XB,Prov 1,806970.509383378
2015-03-09 07:48:06,Group 3B,EvbCFfp1XB,Prov 2,781199.351701783
2015-03-09 07:48:08,Group 3B,EvbCFfp1XB,System,780240.073868883
2015-03-09 08:05:52,Group 2G,maniek,Prov 1,806495.263870095
2015-03-09 08:05:54,Group 2G,maniek,Prov 2,792249.730893434
2015-03-09 08:05:56,Group 2G,maniek,System,792866.941015089
2015-03-09 08:22:39,Group 1C,WTrei,Example,649350.649350649
2015-03-09 08:34:55,Group 3B,Irioth,Example,0
2015-03-09 09:31:46,Group 1G,mln,Example,567567.567567568
2015-03-09 09:44:41,Group 1C,WTrei,Prov 1,821694.915254237
2015-03-09 09:44:43,Group 1C,WTrei,Prov 2,799136.069114471
2015-03-09 09:44:45,Group 1C,WTrei,System,802583.025830258
2015-03-09 09:55:58,Group 1D,Psyho,Prov 1,739641.311069882
2015-03-09 09:56:00,Group 1D,Psyho,Prov 2,743298.969072165
2015-03-09 09:56:02,Group 1D,Psyho,System,726480.836236934
2015-03-09 10:28:54,Group 1C,WTrei,Prov 1,820582.261340555
2015-03-09 10:28:56,Group 1C,WTrei,Prov 2,793290.043290043
2015-03-09 10:28:58,Group 1C,WTrei,System,803876.326718966
2015-03-09 11:12:48,Group 2E,Lapro,Example,657534.246575342
2015-03-09 11:14:43,Group 2E,Lapro,Prov 1,809491.525423729
2015-03-09 11:14:45,Group 2E,Lapro,Prov 2,793770.139634801
2015-03-09 11:14:47,Group 2E,Lapro,System,801843.31797235
2015-03-09 11:58:58,Group 1E,yaric_om,Prov 1,303418.803418803
2015-03-09 11:58:59,Group 1E,yaric_om,Prov 2,254833.040421793
2015-03-09 11:59:01,Group 1E,yaric_om,System,256716.417910448
2015-03-09 12:18:18,Group 1C,hiro_00,Example,567567.567567568
2015-03-09 12:20:33,Group 1C,hiro_00,Prov 1,806970.509383378
2015-03-09 12:20:35,Group 1C,hiro_00,Prov 2,781199.351701783
2015-03-09 12:20:37,Group 1C,hiro_00,System,780240.073868883
2015-03-09 12:25:57,Group 1C,hiro_00,Prov 1,806970.509383378
2015-03-09 12:25:59,Group 1C,hiro_00,Prov 2,781199.351701783
2015-03-09 12:26:01,Group 1C,hiro_00,System,780240.073868883
2015-03-09 12:57:43,Group 1D,Psyho,Prov 1,831309.041835358
2015-03-09 12:57:45,Group 1D,Psyho,Prov 2,799126.637554585
2015-03-09 12:57:47,Group 1D,Psyho,System,800738.007380074
2015-03-09 13:07:11,Group 1D,Psyho,Prov 1,826115.922718188
2015-03-09 13:07:13,Group 1D,Psyho,Prov 2,810140.237324703
2015-03-09 13:07:15,Group 1D,Psyho,System,805313.788364636
2015-03-09 13:14:31,Group 3F,rado42,Example,0
2015-03-09 13:17:48,Group 3F,rado42,Example,0
2015-03-09 13:22:42,Group 3B,Irioth,Example,630136.98630137
2015-03-09 13:23:55,Group 3B,Irioth,Prov 1,806495.263870095
2015-03-09 13:23:57,Group 3B,Irioth,Prov 2,792249.730893434
2015-03-09 13:23:59,Group 3B,Irioth,System,792866.941015089
2015-03-09 13:26:43,Group 3F,rado42,Example,351351.351351351
2015-03-09 13:44:39,Group 2G,maniek,Example,575757.575757576
2015-03-09 13:46:21,Group 2G,maniek,Prov 1,778798.586572438
2015-03-09 13:46:24,Group 2G,maniek,Prov 2,763848.396501458
2015-03-09 13:46:26,Group 2G,maniek,System,750870.213823968
2015-03-09 13:57:11,Group 1D,Psyho,Prov 1,814621.409921671
2015-03-09 13:57:13,Group 1D,Psyho,Prov 2,808176.100628931
2015-03-09 13:57:15,Group 1D,Psyho,System,803763.440860215
2015-03-09 13:59:03,Group 1H,smudge,Example,567567.567567568
2015-03-09 14:01:29,Group 1H,smudge,Prov 1,806970.509383378
2015-03-09 14:01:31,Group 1H,smudge,Prov 2,781199.351701783
2015-03-09 14:01:33,Group 1H,smudge,System,780240.073868883
2015-03-09 14:20:03,Group 3F,rado42,Example,625000
2015-03-09 14:22:18,Group 3F,rado42,Example,567567.567567568
2015-03-09 14:23:39,Group 3F,rado42,Prov 1,686522.710349963
2015-03-09 14:23:41,Group 3F,rado42,Prov 2,640247.678018576
2015-03-09 14:23:43,Group 3F,rado42,System,624663.435648896
2015-03-09 14:29:02,Group 3F,rado42,Prov 1,768267.223382046
2015-03-09 14:29:04,Group 3F,rado42,Prov 2,742117.117117117
2015-03-09 14:29:07,Group 3F,rado42,System,772536.1980383
2015-03-09 14:36:54,Group 2E,JRSSKumarD,Example,621621.621621622
2015-03-09 14:37:49,Group 2E,JRSSKumarD,Prov 1,806517.311608961
2015-03-09 14:37:51,Group 2E,JRSSKumarD,Prov 2,787520.172135557
2015-03-09 14:37:53,Group 2E,JRSSKumarD,System,797445.255474453
2015-03-09 14:45:36,Group 2G,maniek,Example,685714.285714286
2015-03-09 14:45:54,Group 1D,Psyho,Prov 1,819324.950363997
2015-03-09 14:45:56,Group 1D,Psyho,Prov 2,804708.400214018
2015-03-09 14:45:58,Group 1D,Psyho,System,803644.646924829
2015-03-09 14:46:15,Group 2D,miguel_clean,Example,657534.246575342
2015-03-09 14:46:36,Group 2G,maniek,Prov 1,807453.416149068
2015-03-09 14:46:38,Group 2G,maniek,Prov 2,799777.530589544
2015-03-09 14:46:41,Group 2G,maniek,System,785580.524344569
2015-03-09 15:13:35,Group 2E,Lapro,Example,510638.29787234
2015-03-09 15:16:08,Group 2E,Lapro,Prov 1,650574.712643678
2015-03-09 15:16:10,Group 2E,Lapro,Prov 2,663085.9375
2015-03-09 15:16:12,Group 2E,Lapro,System,649164.677804296
2015-03-09 15:33:38,Group 1E,yaric_om,Prov 1,804911.323328786
2015-03-09 15:33:40,Group 1E,yaric_om,Prov 2,810543.657331137
2015-03-09 15:33:42,Group 1E,yaric_om,System,775740.47954866
2015-03-09 15:38:26,Group 1D,Psyho,Prov 1,817819.14893617
2015-03-09 15:38:27,Group 1D,Psyho,Prov 2,809829.05982906
2015-03-09 15:38:29,Group 1D,Psyho,System,800183.318056829
2015-03-09 15:44:26,Group 2E,JRSSKumarD,Prov 1,812457.684495599
2015-03-09 15:44:28,Group 2E,JRSSKumarD,Prov 2,793753.365643511
2015-03-09 15:44:31,Group 2E,JRSSKumarD,System,805695.911805237
2015-03-09 15:46:51,Group 1D,Psyho,Prov 1,822266.934942991
2015-03-09 15:46:53,Group 1D,Psyho,Prov 2,797187.669010276
2015-03-09 15:46:55,Group 1D,Psyho,System,802758.620689655
2015-03-09 15:58:52,Group 2E,Lapro,Example,371681.415929204
2015-03-09 16:10:43,Group 1C,WTrei,Prov 1,817567.567567568
2015-03-09 16:10:45,Group 1C,WTrei,Prov 2,789445.341949381
2015-03-09 16:10:47,Group 1C,WTrei,System,800741.427247452
2015-03-09 16:27:18,Group 2G,limed,Example,567567.567567568
2015-03-09 16:27:46,Group 2G,limed,Prov 1,806970.509383378
2015-03-09 16:27:48,Group 2G,limed,Prov 2,781199.351701783
2015-03-09 16:27:50,Group 2G,limed,System,780240.073868883
2015-03-09 16:28:34,Group 2E,JRSSKumarD,Prov 1,813811.780636425
2015-03-09 16:28:36,Group 2E,JRSSKumarD,Prov 2,802156.334231806
2015-03-09 16:28:38,Group 2E,JRSSKumarD,System,809589.672660212
2015-03-09 16:56:58,Group 2E,Lapro,Prov 1,792478.173270651
2015-03-09 16:57:00,Group 2E,Lapro,Prov 2,755628.775398133
2015-03-09 16:57:02,Group 2E,Lapro,System,735514.018691589
2015-03-09 16:59:21,Group 3H,logico14,Example,567567.567567568
2015-03-09 17:01:06,Group 1E,yaric_om,Prov 1,811907.98376184
2015-03-09 17:01:08,Group 1E,yaric_om,Prov 2,803697.661772702
2015-03-09 17:01:11,Group 1E,yaric_om,System,780009.341429239
2015-03-09 17:01:58,Group 3E,WojciechMigda,Prov 1,806495.263870095
2015-03-09 17:02:00,Group 3E,WojciechMigda,Prov 2,792249.730893434
2015-03-09 17:02:02,Group 3E,WojciechMigda,System,792866.941015089
2015-03-09 17:05:07,Group 2E,JRSSKumarD,Prov 1,815913.688469319
2015-03-09 17:05:09,Group 2E,JRSSKumarD,Prov 2,800650.054171181
2015-03-09 17:05:11,Group 2E,JRSSKumarD,System,801843.31797235
2015-03-09 17:07:37,Group 1H,sas4eka,Prov 1,775272.727272727
2015-03-09 17:07:39,Group 1H,sas4eka,Prov 2,727272.727272727
2015-03-09 17:07:42,Group 1H,sas4eka,System,718209.562563581
2015-03-09 17:10:58,Group 3H,logico14,Prov 1,806970.509383378
2015-03-09 17:11:00,Group 3H,logico14,Prov 2,781199.351701783
2015-03-09 17:11:03,Group 3H,logico14,System,780240.073868883
2015-03-09 17:48:21,Group 2E,JRSSKumarD,Prov 1,811948.404616429
2015-03-09 17:48:24,Group 2E,JRSSKumarD,Prov 2,800429.184549356
2015-03-09 17:48:26,Group 2E,JRSSKumarD,System,805170.82179132
2015-03-09 17:52:18,Group 3B,EvbCFfp1XB,Example,419047.619047619
2015-03-09 17:53:07,Group 3B,EvbCFfp1XB,Prov 1,577728.776185226
2015-03-09 17:53:09,Group 3B,EvbCFfp1XB,Prov 2,609995.329285381
2015-03-09 17:53:12,Group 3B,EvbCFfp1XB,System,585028.790786948
2015-03-09 17:59:03,Group 1D,Psyho,Prov 1,829629.62962963
2015-03-09 17:59:05,Group 1D,Psyho,Prov 2,800000
2015-03-09 17:59:07,Group 1D,Psyho,System,801290.91747349
2015-03-09 18:16:38,Group 1E,yaric_om,Prov 1,691508.857666463
2015-03-09 18:16:40,Group 1E,yaric_om,Prov 2,710299.340436327
2015-03-09 18:16:42,Group 1E,yaric_om,System,687634.640241275
2015-03-09 18:27:11,Group 2E,dimkadimon,Prov 1,738461.538461538
2015-03-09 18:27:13,Group 2E,dimkadimon,Prov 2,729896.907216495
2015-03-09 18:27:16,Group 2E,dimkadimon,System,706638.115631692
2015-03-09 18:52:16,Group 2C,soybean,Example,567567.567567568
2015-03-09 18:53:11,Group 2C,soybean,Prov 1,806970.509383378
2015-03-09 18:53:13,Group 2C,soybean,Prov 2,781199.351701783
2015-03-09 18:53:15,Group 2C,soybean,System,780240.073868883
2015-03-09 19:39:25,Group 1E,yfalah,Prov 1,806970.509383378
2015-03-09 19:39:27,Group 1E,yfalah,Prov 2,781199.351701783
2015-03-09 19:39:29,Group 1E,yfalah,System,780240.073868883
2015-03-09 19:40:35,Group 3F,rado42,Example,631578.947368421
2015-03-09 19:42:22,Group 2E,Lapro,Prov 1,809491.525423729
2015-03-09 19:42:24,Group 2E,Lapro,Prov 2,793770.139634801
2015-03-09 19:42:26,Group 2E,Lapro,System,801843.31797235
2015-03-09 19:42:29,Group 3F,rado42,Prov 1,816576.086956522
2015-03-09 19:42:31,Group 3F,rado42,Prov 2,786920.98092643
2015-03-09 19:42:33,Group 3F,rado42,System,794470.046082949
2015-03-09 19:55:07,Group 1D,Psyho,Prov 1,815109.343936382
2015-03-09 19:55:09,Group 1D,Psyho,Prov 2,802997.858672377
2015-03-09 19:55:11,Group 1D,Psyho,System,820793.433652531
2015-03-09 20:01:34,Group 2E,JRSSKumarD,Prov 1,811948.404616429
2015-03-09 20:01:36,Group 2E,JRSSKumarD,Prov 2,800429.184549356
2015-03-09 20:01:38,Group 2E,JRSSKumarD,System,805170.82179132
2015-03-09 20:06:07,Group 1E,all_random,Prov 1,806495.263870095
2015-03-09 20:06:09,Group 1E,all_random,Prov 2,792249.730893434
2015-03-09 20:06:11,Group 1E,all_random,System,792866.941015089
2015-03-09 20:08:35,Group 1D,Psyho,Prov 1,816622.691292876
2015-03-09 20:08:37,Group 1D,Psyho,Prov 2,812268.640930724
2015-03-09 20:08:39,Group 1D,Psyho,System,818181.818181818
2015-03-09 20:08:41,Group 3F,rado42,Example,605263.157894737
2015-03-09 20:09:05,Group 3F,rado42,Prov 1,814814.814814815
2015-03-09 20:09:07,Group 3F,rado42,Prov 2,796774.193548387
2015-03-09 20:09:09,Group 3F,rado42,System,802745.995423341
2015-03-09 20:09:51,Group 1E,all_random,Example,630136.98630137
2015-03-09 20:11:38,Group 1C,hiro_00,Prov 1,797886.393659181
2015-03-09 20:11:40,Group 1C,hiro_00,Prov 2,792433.000525486
2015-03-09 20:11:42,Group 1C,hiro_00,System,780375.974323705
2015-03-09 20:16:52,Group 1E,all_random,Prov 1,807041.299932295
2015-03-09 20:16:55,Group 1E,all_random,Prov 2,791576.673866091
2015-03-09 20:16:57,Group 1E,all_random,System,790463.090325539
2015-03-09 20:29:42,Group 1E,all_random,Prov 1,803256.44504749
2015-03-09 20:29:44,Group 1E,all_random,Prov 2,785209.35290919
2015-03-09 20:29:46,Group 1E,all_random,System,785055.350553506
2015-03-09 20:31:27,Group 1E,all_random,Example,491803.278688525
2015-03-09 20:37:33,Group 2E,Lapro,Prov 1,789783.889980354
2015-03-09 20:37:35,Group 2E,Lapro,Prov 2,766933.333333333
2015-03-09 20:37:38,Group 2E,Lapro,System,769583.142464498
2015-03-09 20:44:19,Group 3F,rado42,Example,666666.666666667
2015-03-09 20:45:11,Group 3F,rado42,Prov 1,831415.030467163
2015-03-09 20:45:13,Group 3F,rado42,Prov 2,800643.08681672
2015-03-09 20:45:15,Group 3F,rado42,System,809370.693615067
2015-03-09 20:52:09,Group 1H,sas4eka,Prov 1,795408.507765024
2015-03-09 20:52:11,Group 1H,sas4eka,Prov 2,770482.908301682
2015-03-09 20:52:13,Group 1H,sas4eka,System,742209.631728045
2015-03-09 20:56:17,Group 2G,maniek,Prov 1,813651.877133106
2015-03-09 20:56:19,Group 2G,maniek,Prov 2,798479.087452471
2015-03-09 20:56:21,Group 2G,maniek,System,801293.900184843
2015-03-09 21:07:51,Group 1H,sas4eka,Prov 1,777704.047777041
2015-03-09 21:07:53,Group 1H,sas4eka,Prov 2,762720.942688805
2015-03-09 21:07:55,Group 1H,sas4eka,System,757182.576459685
2015-03-09 21:07:57,Group 1D,Psyho,Prov 1,825333.333333333
2015-03-09 21:07:59,Group 1D,Psyho,Prov 2,808262.711864407
2015-03-09 21:08:00,Group 1D,Psyho,System,812243.033348561
2015-03-09 21:11:17,Group 3F,rado42,Example,640000
2015-03-09 21:11:40,Group 2E,dimkadimon,Prov 1,817567.567567568
2015-03-09 21:11:42,Group 2E,dimkadimon,Prov 2,800430.338891877
2015-03-09 21:11:45,Group 2E,dimkadimon,System,805362.921867776
2015-03-09 21:11:47,Group 3F,rado42,Prov 1,818059.299191375
2015-03-09 21:11:49,Group 3F,rado42,Prov 2,800000
2015-03-09 21:11:51,Group 3F,rado42,System,803678.16091954
2015-03-09 21:13:23,Group 1D,Psyho,Prov 1,809960.681520315
2015-03-09 21:13:25,Group 1D,Psyho,Prov 2,802110.817941953
2015-03-09 21:13:26,Group 1D,Psyho,System,813513.513513513
2015-03-09 21:27:25,Group 3G,PuffRing,Example,630136.98630137
2015-03-09 21:28:01,Group 2E,Lapro,Prov 1,715294.117647059
2015-03-09 21:28:04,Group 2E,Lapro,Prov 2,660143.509458578
2015-03-09 21:28:06,Group 2E,Lapro,System,695050.558807876
2015-03-09 21:36:25,Group 1H,sas4eka,Prov 1,798924.008069939
2015-03-09 21:36:27,Group 1H,sas4eka,Prov 2,769740.474875759
2015-03-09 21:36:29,Group 1H,sas4eka,System,765501.165501166
2015-03-09 21:36:31,Group 3F,rado42,Example,631578.947368421
2015-03-09 21:36:51,Group 3F,rado42,Prov 1,822010.869565217
2015-03-09 21:36:53,Group 3F,rado42,Prov 2,804101.4570966
2015-03-09 21:36:55,Group 3F,rado42,System,809061.488673139
2015-03-09 21:53:16,Group 3F,rado42,Example,632911.392405063
2015-03-09 21:53:40,Group 3F,rado42,Prov 1,815114.709851552
2015-03-09 21:53:42,Group 3F,rado42,Prov 2,795296.632816675
2015-03-09 21:53:44,Group 3F,rado42,System,800182.066454256
2015-03-09 21:54:31,Group 2E,Lapro,Prov 1,806825.938566553
2015-03-09 21:54:33,Group 2E,Lapro,Prov 2,785910.842047331
2015-03-09 21:54:35,Group 2E,Lapro,System,790498.812351544
2015-03-09 22:11:28,Group 3F,rado42,Example,623376.623376623
2015-03-09 22:11:51,Group 3F,rado42,Prov 1,809170.600134862
2015-03-09 22:11:53,Group 3F,rado42,Prov 2,795698.924731183
2015-03-09 22:11:55,Group 3F,rado42,System,801470.588235294
2015-03-09 22:14:31,Group 1H,sas4eka,Prov 1,810194.500335346
2015-03-09 22:14:33,Group 1H,sas4eka,Prov 2,805166.846071044
2015-03-09 22:14:35,Group 1H,sas4eka,System,779015.784586815
2015-03-09 22:41:50,Group 3F,rado42,Example,666666.666666667
2015-03-09 22:42:12,Group 3F,rado42,Prov 1,826792.963464141
2015-03-09 22:42:14,Group 3F,rado42,Prov 2,803667.745415318
2015-03-09 22:42:16,Group 3F,rado42,System,806839.186691312
2015-03-09 22:55:36,Group 2E,JRSSKumarD,Prov 1,819716.407832545
2015-03-09 22:55:38,Group 2E,JRSSKumarD,Prov 2,793786.823781468
2015-03-09 22:55:40,Group 2E,JRSSKumarD,System,806839.186691312
2015-03-09 23:01:29,Group 3F,yoshibo-,Example,567567.567567568
2015-03-09 23:03:43,Group 3F,yoshibo-,Prov 1,806970.509383378
2015-03-09 23:03:45,Group 3F,yoshibo-,Prov 2,781199.351701783
2015-03-09 23:03:48,Group 3F,yoshibo-,System,780240.073868883
2015-03-09 23:07:12,Group 3F,rado42,Example,641025.641025641
2015-03-09 23:07:33,Group 3F,rado42,Prov 1,826558.265582656
2015-03-09 23:07:35,Group 3F,rado42,Prov 2,796774.193548387
2015-03-09 23:07:37,Group 3F,rado42,System,810289.389067524
2015-03-09 23:27:18,Group 2E,Lapro,Prov 1,831578.947368421
2015-03-09 23:27:20,Group 2E,Lapro,Prov 2,803166.226912929
2015-03-09 23:27:22,Group 2E,Lapro,System,812330.009066183
2015-03-09 23:33:16,Group 3F,rado42,Example,675324.675324675
2015-03-09 23:33:36,Group 3F,rado42,Prov 1,828241.683638832
2015-03-09 23:33:38,Group 3F,rado42,Prov 2,801724.137931034
2015-03-09 23:33:40,Group 3F,rado42,System,807904.411764706
2015-03-09 23:39:31,Group 1C,petroos,Example,630136.98630137
2015-03-09 23:40:07,Group 1C,petroos,Prov 1,806495.263870095
2015-03-09 23:40:09,Group 1C,petroos,Prov 2,792249.730893434
2015-03-09 23:40:11,Group 1C,petroos,System,792866.941015089
2015-03-09 23:57:34,Group 3F,rado42,Example,666666.666666667
2015-03-09 23:58:51,Group 3F,rado42,Prov 1,821694.915254237
2015-03-09 23:58:53,Group 3F,rado42,Prov 2,802588.996763754
2015-03-09 23:58:55,Group 3F,rado42,System,809917.355371901
2015-03-10 00:10:47,Group 2E,JRSSKumarD,Prov 1,803788.903924222
2015-03-10 00:10:49,Group 2E,JRSSKumarD,Prov 2,789616.008653326
2015-03-10 00:10:51,Group 2E,JRSSKumarD,System,802030.456852792
2015-03-10 00:14:19,Group 2E,dimkadimon,Prov 1,778737.541528239
2015-03-10 00:14:21,Group 2E,dimkadimon,Prov 2,770306.616460463
2015-03-10 00:14:23,Group 2E,dimkadimon,System,749767.441860465
2015-03-10 00:19:24,Group 3F,rado42,Example,666666.666666667
2015-03-10 00:21:52,Group 3F,rado42,Example,641025.641025641
2015-03-10 00:22:11,Group 3F,rado42,Prov 1,817262.306136211
2015-03-10 00:22:13,Group 3F,rado42,Prov 2,802582.033351264
2015-03-10 00:22:15,Group 3F,rado42,System,807674.737322979
2015-03-10 00:43:42,Group 3F,rado42,Example,641025.641025641
2015-03-10 00:44:07,Group 3F,rado42,Prov 1,817262.306136211
2015-03-10 00:44:09,Group 3F,rado42,Prov 2,802582.033351264
2015-03-10 00:44:11,Group 3F,rado42,System,807674.737322979
2015-03-10 00:46:23,Group 3F,rado42,Example,649350.649350649
2015-03-10 00:49:20,Group 3F,rado42,Prov 1,821380.243572395
2015-03-10 00:49:22,Group 3F,rado42,Prov 2,803667.745415318
2015-03-10 00:49:24,Group 3F,rado42,System,814575.645756458
2015-03-10 00:52:18,Group 2H,wzyxp_123,Example,638888.888888889
2015-03-10 00:53:12,Group 2H,wzyxp_123,Prov 1,818365.968939905
2015-03-10 00:53:15,Group 2H,wzyxp_123,Prov 2,796316.359696641
2015-03-10 00:53:17,Group 2H,wzyxp_123,System,797989.031078611
2015-03-10 01:03:37,Group 3F,rado42,Example,666666.666666667
2015-03-10 01:03:52,Group 3F,rado42,Prov 1,822493.224932249
2015-03-10 01:03:54,Group 3F,rado42,Prov 2,805615.550755939
2015-03-10 01:03:57,Group 3F,rado42,System,814542.107685228
2015-03-10 01:10:13,Group 2H,wzyxp_123,Example,591549.295774648
2015-03-10 01:21:07,Group 1E,atmosphere,Example,516853.93258427
2015-03-10 01:21:58,Group 1E,atmosphere,Prov 1,680459.770114943
2015-03-10 01:22:00,Group 1E,atmosphere,Prov 2,730189.596499757
2015-03-10 01:22:02,Group 1E,atmosphere,System,715334.420880914
2015-03-10 01:24:46,Group 2E,JRSSKumarD,Prov 1,815913.688469319
2015-03-10 01:24:48,Group 2E,JRSSKumarD,Prov 2,800650.054171181
2015-03-10 01:24:50,Group 2E,JRSSKumarD,System,801843.31797235
2015-03-10 01:32:12,Group 2E,dimkadimon,Prov 1,796495.956873315
2015-03-10 01:32:14,Group 2E,dimkadimon,Prov 2,763616.557734205
2015-03-10 01:32:16,Group 2E,dimkadimon,System,742695.570216777
2015-03-10 01:55:07,Group 2E,dimkadimon,Prov 1,542783.059636992
2015-03-10 01:55:09,Group 2E,dimkadimon,Prov 2,511461.318051576
2015-03-10 01:55:12,Group 2E,dimkadimon,System,571119.524067063
2015-03-10 01:59:29,Group 2C,soybean,Example,567567.567567568
2015-03-10 02:03:24,Group 2C,soybean,Prov 1,806970.509383378
2015-03-10 02:03:26,Group 2C,soybean,Prov 2,781199.351701783
2015-03-10 02:03:28,Group 2C,soybean,System,780240.073868883
2015-03-10 02:17:35,Group 2H,wzyxp_123,Example,591549.295774648
2015-03-10 02:20:09,Group 2H,wzyxp_123,Example,621621.621621622
2015-03-10 02:20:51,Group 2H,wzyxp_123,Prov 1,816768.086544963
2015-03-10 02:20:53,Group 2H,wzyxp_123,Prov 2,797202.797202797
2015-03-10 02:20:56,Group 2H,wzyxp_123,System,801477.377654663
2015-03-10 02:54:01,Group 2F,azneye,Example,567567.567567568
2015-03-10 02:54:44,Group 2F,azneye,Prov 1,806970.509383378
2015-03-10 02:54:47,Group 2F,azneye,Prov 2,781199.351701783
2015-03-10 02:54:49,Group 2F,azneye,System,780240.073868883
2015-03-10 02:57:00,Group 2H,wzyxp_123,Example,648648.648648649
2015-03-10 03:41:46,Group 1E,atmosphere,Example,571428.571428571
2015-03-10 03:42:50,Group 1E,atmosphere,Prov 1,771929.824561403
2015-03-10 03:42:52,Group 1E,atmosphere,Prov 2,779178.082191781
2015-03-10 03:42:54,Group 1E,atmosphere,System,764981.27340824
2015-03-10 04:01:49,Group 1D,Psyho,Prov 1,826086.956521739
2015-03-10 04:01:51,Group 1D,Psyho,Prov 2,804439.746300211
2015-03-10 04:01:53,Group 1D,Psyho,System,821670.428893905
2015-03-10 04:06:33,Group 1E,yaric_om,Prov 1,824010.914051842
2015-03-10 04:06:35,Group 1E,yaric_om,Prov 2,814612.868047983
2015-03-10 04:06:37,Group 1E,yaric_om,System,782405.240992045
2015-03-10 04:09:59,Group 1D,Psyho,Prov 1,826897.470039947
2015-03-10 04:10:00,Group 1D,Psyho,Prov 2,796157.950907151
2015-03-10 04:10:02,Group 1D,Psyho,System,816363.636363636
2015-03-10 04:15:38,Group 2G,maniek,Prov 1,813698.630136986
2015-03-10 04:15:40,Group 2G,maniek,Prov 2,797125.483692648
2015-03-10 04:15:42,Group 2G,maniek,System,814093.648585999
2015-03-10 04:33:06,Group 1E,atmosphere,Example,450704.225352113
2015-03-10 04:33:58,Group 1H,sas4eka,Prov 1,792000
2015-03-10 04:34:00,Group 1H,sas4eka,Prov 2,797427.652733119
2015-03-10 04:34:02,Group 1H,sas4eka,System,787379.972565158
2015-03-10 04:40:32,Group 1D,Psyho,Prov 1,824161.073825503
2015-03-10 04:40:34,Group 1D,Psyho,Prov 2,793308.148947652
2015-03-10 04:40:36,Group 1D,Psyho,System,815525.114155251
2015-03-10 04:46:13,Group 1D,Psyho,Prov 1,808093.994778068
2015-03-10 04:46:15,Group 1D,Psyho,Prov 2,788259.958071279
2015-03-10 04:46:17,Group 1D,Psyho,System,819525.302283923
2015-03-10 04:54:24,Group 1D,Psyho,Prov 1,794344.473007712
2015-03-10 04:54:26,Group 1D,Psyho,Prov 2,792295.67933368
2015-03-10 04:54:28,Group 1D,Psyho,System,796090.626388272
2015-03-10 05:00:24,Group 2H,ashersyed,Example,567567.567567568
2015-03-10 05:05:19,Group 1D,Psyho,Prov 1,820105.82010582
2015-03-10 05:05:21,Group 1D,Psyho,Prov 2,803609.341825902
2015-03-10 05:05:23,Group 1D,Psyho,System,822624.43438914
2015-03-10 05:07:14,Group 1H,sas4eka,Prov 1,804137.931034483
2015-03-10 05:07:16,Group 1H,sas4eka,Prov 2,808301.474604041
2015-03-10 05:07:18,Group 1H,sas4eka,System,763532.763532764
2015-03-10 05:23:21,Group 1C,WTrei,Prov 1,819538.670284939
2015-03-10 05:23:23,Group 1C,WTrei,Prov 2,791351.351351351
2015-03-10 05:23:25,Group 1C,WTrei,System,803339.517625232
2015-03-10 05:29:41,Group 1E,all_random,Prov 1,811653.116531165
2015-03-10 05:29:43,Group 1E,all_random,Prov 2,795024.337479719
2015-03-10 05:29:45,Group 1E,all_random,System,797228.637413395
2015-03-10 05:34:07,Group 1G,bohuss,Example,567567.567567568
2015-03-10 05:34:59,Group 1G,bohuss,Prov 1,806970.509383378
2015-03-10 05:35:01,Group 1G,bohuss,Prov 2,781199.351701783
2015-03-10 05:35:03,Group 1G,bohuss,System,780240.073868883
2015-03-10 05:47:39,Group 1C,WTrei,Prov 1,821138.211382114
2015-03-10 05:47:41,Group 1C,WTrei,Prov 2,793084.819016748
2015-03-10 05:47:44,Group 1C,WTrei,System,801856.148491879
2015-03-10 05:57:04,Group 1H,sas4eka,Prov 1,811103.588354773
2015-03-10 05:57:06,Group 1H,sas4eka,Prov 2,798910.081743869
2015-03-10 05:57:08,Group 1H,sas4eka,System,800744.87895717
2015-03-10 05:59:19,Group 1H,haveri,Example,631578.947368421
2015-03-10 06:04:33,Group 1E,all_random,Prov 1,814266.487213997
2015-03-10 06:04:35,Group 1E,all_random,Prov 2,789079.229122056
2015-03-10 06:04:37,Group 1E,all_random,System,798895.536125173
2015-03-10 06:06:13,Group 1F,Infinity.,Prov 1,806495.263870095
2015-03-10 06:06:16,Group 1F,Infinity.,Prov 2,792249.730893434
2015-03-10 06:06:18,Group 1F,Infinity.,System,792866.941015089
2015-03-10 06:09:06,Group 1H,haveri,Prov 1,815771.583956492
2015-03-10 06:09:08,Group 1H,haveri,Prov 2,797849.462365592
2015-03-10 06:09:10,Group 1H,haveri,System,803142.329020333
2015-03-10 06:14:43,Group 1C,WTrei,Prov 1,804392.587508579
2015-03-10 06:14:45,Group 1C,WTrei,Prov 2,806003.335186215
2015-03-10 06:14:48,Group 1C,WTrei,System,794366.197183099
2015-03-10 06:25:26,Group 1E,all_random,Example,666666.666666667
2015-03-10 06:47:39,Group 1C,WTrei,Prov 1,810773.480662983
2015-03-10 06:47:41,Group 1C,WTrei,Prov 2,804226.918798665
2015-03-10 06:47:43,Group 1C,WTrei,System,796778.777830412
2015-03-10 07:01:13,Group 1H,sas4eka,Prov 1,808803.301237964
2015-03-10 07:01:15,Group 1H,sas4eka,Prov 2,800880.088008801
2015-03-10 07:01:17,Group 1H,sas4eka,System,788904.560413728
2015-03-10 07:11:10,Group 1D,Psyho,Prov 1,809461.23521682
2015-03-10 07:11:12,Group 1D,Psyho,Prov 2,784850.078905839
2015-03-10 07:11:13,Group 1D,Psyho,System,817813.765182186
2015-03-10 07:17:26,Group 1D,Psyho,Prov 1,821192.052980133
2015-03-10 07:17:27,Group 1D,Psyho,Prov 2,806794.055201698
2015-03-10 07:17:29,Group 1D,Psyho,System,810612.991765782
2015-03-10 07:25:23,Group 1E,all_random,Prov 1,474641.148325359
2015-03-10 07:25:25,Group 1E,all_random,Prov 2,407766.990291262
2015-03-10 07:25:27,Group 1E,all_random,System,392498.325519089
2015-03-10 07:36:06,Group 2A,omegayu,Prov 1,710975.609756098
2015-03-10 07:36:09,Group 2A,omegayu,Prov 2,727911.646586345
2015-03-10 07:36:11,Group 2A,omegayu,System,715454.154111063
2015-03-10 07:49:24,Group 1C,WTrei,Prov 1,807113.543091655
2015-03-10 07:49:26,Group 1C,WTrei,Prov 2,804432.132963989
2015-03-10 07:49:28,Group 1C,WTrei,System,782446.311858077
2015-03-10 08:10:03,Group 1H,sas4eka,Prov 1,807017.543859649
2015-03-10 08:10:06,Group 1H,sas4eka,Prov 2,795219.989136339
2015-03-10 08:10:08,Group 1H,sas4eka,System,778703.703703704
2015-03-10 08:12:28,Group 3B,EvbCFfp1XB,Example,419047.619047619
2015-03-10 08:13:25,Group 3B,EvbCFfp1XB,Prov 1,577728.776185226
2015-03-10 08:13:27,Group 3B,EvbCFfp1XB,Prov 2,609995.329285381
2015-03-10 08:13:30,Group 3B,EvbCFfp1XB,System,585028.790786948
2015-03-10 08:25:16,Group 2H,wzyxp_123,Example,50000
2015-03-10 08:25:31,Group 2H,wzyxp_123,Prov 1,305525.460455038
2015-03-10 08:25:33,Group 2H,wzyxp_123,Prov 2,248251.748251748
2015-03-10 08:25:35,Group 2H,wzyxp_123,System,312722.10376688
2015-03-10 08:29:24,Group 1E,all_random,Prov 1,811653.116531165
2015-03-10 08:29:26,Group 1E,all_random,Prov 2,795024.337479719
2015-03-10 08:29:28,Group 1E,all_random,System,797228.637413395
2015-03-10 08:35:40,Group 1D,Psyho,Prov 1,812332.439678284
2015-03-10 08:35:41,Group 1D,Psyho,Prov 2,805180.787911495
2015-03-10 08:35:43,Group 1D,Psyho,System,815992.73057701
2015-03-10 08:48:30,Group 2F,SebM,Example,657534.246575342
2015-03-10 08:50:35,Group 2F,SebM,Prov 1,809491.525423729
2015-03-10 08:50:37,Group 2F,SebM,Prov 2,793770.139634801
2015-03-10 08:50:40,Group 2F,SebM,System,801843.31797235
2015-03-10 09:05:42,Group 1C,WTrei,Prov 1,819959.541469993
2015-03-10 09:05:45,Group 1C,WTrei,Prov 2,800428.036383093
2015-03-10 09:05:47,Group 1C,WTrei,System,802933.088909258
2015-03-10 09:07:12,Group 1F,d_jash,Example,567567.567567568
2015-03-10 09:11:42,Group 1D,Psyho,Prov 1,819563.780568407
2015-03-10 09:11:44,Group 1D,Psyho,Prov 2,801692.226335272
2015-03-10 09:11:46,Group 1D,Psyho,System,818676.337262013
2015-03-10 09:12:45,Group 1H,sas4eka,Prov 1,792531.12033195
2015-03-10 09:12:48,Group 1H,sas4eka,Prov 2,793424.657534247
2015-03-10 09:12:50,Group 1H,sas4eka,System,769157.994323557
2015-03-10 09:52:02,Group 1H,sas4eka,Prov 1,795006.570302234
2015-03-10 09:52:04,Group 1H,sas4eka,Prov 2,784796.573875803
2015-03-10 09:52:06,Group 1H,sas4eka,System,774667.278568151
2015-03-10 10:09:42,Group 1C,WTrei,Prov 1,809327.846364883
2015-03-10 10:09:44,Group 1C,WTrei,Prov 2,801108.033240997
2015-03-10 10:09:47,Group 1C,WTrei,System,785011.709601874
2015-03-10 10:23:06,Group 3G,pfilippi,Example,641025.641025641
2015-03-10 10:31:10,Group 1H,sas4eka,Prov 1,806970.509383378
2015-03-10 10:31:12,Group 1H,sas4eka,Prov 2,781199.351701783
2015-03-10 10:31:14,Group 1H,sas4eka,System,780240.073868883
2015-03-10 10:36:01,Group 2H,wzyxp_123,Example,657142.857142857
2015-03-10 10:36:22,Group 1H,sas4eka,Prov 1,788211.103495545
2015-03-10 10:36:24,Group 1H,sas4eka,Prov 2,760422.456920511
2015-03-10 10:36:27,Group 1H,sas4eka,System,741734.547196933
2015-03-10 10:37:14,Group 2H,wzyxp_123,Prov 1,817487.855655795
2015-03-10 10:37:16,Group 2H,wzyxp_123,Prov 2,810450.250138966
2015-03-10 10:37:18,Group 2H,wzyxp_123,System,791686.348606519
2015-03-10 10:39:58,Group 3F,rado42,Example,613333.333333333
2015-03-10 10:40:19,Group 3F,rado42,Prov 1,812457.684495599
2015-03-10 10:40:22,Group 3F,rado42,Prov 2,793513.513513513
2015-03-10 10:40:24,Group 3F,rado42,System,816440.915460065
2015-03-10 10:54:15,Group 1H,sas4eka,Prov 1,777931.034482759
2015-03-10 10:54:17,Group 1H,sas4eka,Prov 2,756029.164329781
2015-03-10 10:54:19,Group 1H,sas4eka,System,751434.034416826
2015-03-10 11:03:53,Group 3F,rado42,Example,623376.623376623
2015-03-10 11:04:14,Group 3F,rado42,Prov 1,819047.619047619
2015-03-10 11:04:16,Group 3F,rado42,Prov 2,803667.745415318
2015-03-10 11:04:18,Group 3F,rado42,System,812789.620018536
2015-03-10 11:08:52,Group 1D,Psyho,Prov 1,825797.872340426
2015-03-10 11:08:54,Group 1D,Psyho,Prov 2,798499.464094319
2015-03-10 11:08:56,Group 1D,Psyho,System,801290.91747349
2015-03-10 11:09:42,Group 1C,WTrei,Prov 1,814814.814814815
2015-03-10 11:09:44,Group 1C,WTrei,Prov 2,796883.695047301
2015-03-10 11:09:46,Group 1C,WTrei,System,785747.773089545
2015-03-10 11:10:02,Group 2H,wzyxp_123,Example,608695.652173913
2015-03-10 11:11:09,Group 2H,wzyxp_123,Prov 1,798289.379900214
2015-03-10 11:11:11,Group 2H,wzyxp_123,Prov 2,786001.147446931
2015-03-10 11:11:13,Group 2H,wzyxp_123,System,794946.550048591
2015-03-10 11:14:54,Group 1C,WTrei,Prov 1,818365.968939905
2015-03-10 11:14:56,Group 1C,WTrei,Prov 2,794652.406417112
2015-03-10 11:14:59,Group 1C,WTrei,System,812844.036697248
2015-03-10 11:15:52,Group 1D,Psyho,Prov 1,817998.656816656
2015-03-10 11:15:54,Group 1D,Psyho,Prov 2,795896.328293736
2015-03-10 11:15:56,Group 1D,Psyho,System,802030.456852792
2015-03-10 11:18:44,Group 3F,rado42,Example,586666.666666667
2015-03-10 11:19:03,Group 3F,rado42,Prov 1,816408.876933423
2015-03-10 11:19:05,Group 3F,rado42,Prov 2,785407.725321888
2015-03-10 11:19:07,Group 3F,rado42,System,789377.289377289
2015-03-10 11:20:02,Group 1F,Infinity.,Example,630136.98630137
2015-03-10 11:20:19,Group 2H,wzyxp_123,Example,593750
2015-03-10 11:20:21,Group 1H,sas4eka,Prov 1,801355.93220339
2015-03-10 11:20:24,Group 1H,sas4eka,Prov 2,809782.608695652
2015-03-10 11:20:26,Group 1H,sas4eka,System,777622.377622378
2015-03-10 11:21:45,Group 1E,all_random,Prov 1,814419.225634179
2015-03-10 11:21:47,Group 1E,all_random,Prov 2,798711.755233494
2015-03-10 11:21:49,Group 1E,all_random,System,797993.616051072
2015-03-10 11:24:47,Group 2H,wzyxp_123,Example,700000
2015-03-10 11:25:43,Group 2H,wzyxp_123,Prov 1,824742.268041237
2015-03-10 11:25:45,Group 2H,wzyxp_123,Prov 2,816616.00810537
2015-03-10 11:25:48,Group 2H,wzyxp_123,System,821474.222411589
2015-03-10 11:26:20,Group 3C,megaterik,Example,630136.98630137
2015-03-10 11:26:39,Group 3C,megaterik,Prov 1,806495.263870095
2015-03-10 11:26:41,Group 3C,megaterik,Prov 2,792249.730893434
2015-03-10 11:26:43,Group 3C,megaterik,System,792866.941015089
2015-03-10 11:31:33,Group 2H,wzyxp_123,Example,658823.529411765
2015-03-10 11:32:33,Group 3C,megaterik,Prov 1,806495.263870095
2015-03-10 11:32:35,Group 3C,megaterik,Prov 2,792249.730893434
2015-03-10 11:32:38,Group 3C,megaterik,System,792866.941015089
2015-03-10 11:33:21,Group 2H,wzyxp_123,Prov 1,825095.05703422
2015-03-10 11:33:24,Group 2H,wzyxp_123,Prov 2,811940.298507463
2015-03-10 11:33:26,Group 2H,wzyxp_123,System,818410.041841004
2015-03-10 11:46:16,Group 1D,Psyho,Prov 1,816191.108161911
2015-03-10 11:46:18,Group 1D,Psyho,Prov 2,798274.002157497
2015-03-10 11:46:20,Group 1D,Psyho,System,809480.401093893
2015-03-10 11:47:37,Group 1H,sas4eka,Prov 1,819228.165199729
2015-03-10 11:47:39,Group 1H,sas4eka,Prov 2,805904.86604702
2015-03-10 11:47:41,Group 1H,sas4eka,System,792153.199439514
2015-03-10 11:50:59,Group 2F,nkshn,Example,657534.246575342
2015-03-10 11:52:12,Group 1D,Psyho,Prov 1,831309.041835358
2015-03-10 11:52:14,Group 1D,Psyho,Prov 2,799126.637554585
2015-03-10 11:52:15,Group 1D,Psyho,System,800738.007380074
2015-03-10 11:53:54,Group 2F,nkshn,Prov 1,809491.525423729
2015-03-10 11:53:57,Group 2F,nkshn,Prov 2,793770.139634801
2015-03-10 11:53:59,Group 2F,nkshn,System,801843.31797235
2015-03-10 11:57:02,Group 3F,klo86min,Example,630136.98630137
2015-03-10 11:57:50,Group 1D,Psyho,Prov 1,838840.188806473
2015-03-10 11:57:52,Group 1D,Psyho,Prov 2,811044.937736871
2015-03-10 11:57:54,Group 1D,Psyho,System,807373.271889401
2015-03-10 11:58:26,Group 1E,all_random,Prov 1,687196.110210697
2015-03-10 11:58:28,Group 1E,all_random,Prov 2,650395.778364116
2015-03-10 11:58:30,Group 1E,all_random,System,677005.347593583
2015-03-10 11:58:52,Group 3F,klo86min,Prov 1,806495.263870095
2015-03-10 11:58:54,Group 3F,klo86min,Prov 2,792249.730893434
2015-03-10 11:58:57,Group 3F,klo86min,System,792866.941015089
2015-03-10 12:04:43,Group 1D,Psyho,Prov 1,833333.333333333
2015-03-10 12:04:44,Group 1D,Psyho,Prov 2,819160.387513455
2015-03-10 12:04:46,Group 1D,Psyho,System,818098.720292505
2015-03-10 12:11:45,Group 1D,Psyho,Prov 1,833010.960670535
2015-03-10 12:11:46,Group 1D,Psyho,Prov 2,817337.46130031
2015-03-10 12:11:48,Group 1D,Psyho,System,816254.416961131
2015-03-10 12:15:11,Group 1H,sas4eka,Prov 1,801355.93220339
2015-03-10 12:15:13,Group 1H,sas4eka,Prov 2,809782.608695652
2015-03-10 12:15:15,Group 1H,sas4eka,System,777622.377622378
2015-03-10 12:15:37,Group 1E,all_random,Prov 1,819538.670284939
2015-03-10 12:15:40,Group 1E,all_random,Prov 2,799354.491662184
2015-03-10 12:15:42,Group 1E,all_random,System,802571.16620753
2015-03-10 12:17:08,Group 1D,Psyho,Prov 1,809523.809523809
2015-03-10 12:17:10,Group 1D,Psyho,Prov 2,803427.959292983
2015-03-10 12:17:11,Group 1D,Psyho,System,802016.498625115
2015-03-10 12:22:12,Group 1D,Psyho,Prov 1,829403.606102635
2015-03-10 12:22:14,Group 1D,Psyho,Prov 2,803581.421376609
2015-03-10 12:22:15,Group 1D,Psyho,System,807017.543859649
2015-03-10 12:29:34,Group 1D,Psyho,Prov 1,837573.385518591
2015-03-10 12:29:35,Group 1D,Psyho,Prov 2,820997.375328084
2015-03-10 12:29:37,Group 1D,Psyho,System,817492.190986167
2015-03-10 12:36:23,Group 3F,rado42,Example,657894.736842105
2015-03-10 12:36:43,Group 3F,rado42,Prov 1,822895.622895623
2015-03-10 12:36:45,Group 3F,rado42,Prov 2,800430.338891877
2015-03-10 12:36:47,Group 3F,rado42,System,807129.798903108
2015-03-10 12:37:12,Group 1D,Psyho,Prov 1,835742.444152431
2015-03-10 12:37:14,Group 1D,Psyho,Prov 2,819672.131147541
2015-03-10 12:37:16,Group 1D,Psyho,System,814948.221521837
2015-03-10 12:37:42,Group 1C,cyril.v,Prov 1,822328.114363513
2015-03-10 12:37:44,Group 1C,cyril.v,Prov 2,799567.801188547
2015-03-10 12:37:47,Group 1C,cyril.v,System,807603.152526657
2015-03-10 12:42:20,Group 1H,sas4eka,Prov 1,783025.325119781
2015-03-10 12:42:22,Group 1H,sas4eka,Prov 2,770509.977827051
2015-03-10 12:42:24,Group 1H,sas4eka,System,770468.528159016
2015-03-10 12:47:28,Group 3G,jthread,Prov 1,806970.509383378
2015-03-10 12:47:31,Group 3G,jthread,Prov 2,781199.351701783
2015-03-10 12:47:33,Group 3G,jthread,System,780240.073868883
2015-03-10 12:50:01,Group 2C,al_gol,Example,567567.567567568
2015-03-10 12:52:24,Group 2C,al_gol,Prov 1,806970.509383378
2015-03-10 12:52:26,Group 2C,al_gol,Prov 2,781199.351701783
2015-03-10 12:52:28,Group 2C,al_gol,System,780240.073868883
2015-03-10 12:53:01,Group 1H,sas4eka,Prov 1,777120.315581854
2015-03-10 12:53:03,Group 1H,sas4eka,Prov 2,756465.517241379
2015-03-10 12:53:05,Group 1H,sas4eka,System,754997.675499768
2015-03-10 12:54:46,Group 1E,yaric_om,Prov 1,805142.083897158
2015-03-10 12:54:48,Group 1E,yaric_om,Prov 2,805630.752571738
2015-03-10 12:54:50,Group 1E,yaric_om,System,776063.581112669
2015-03-10 12:59:50,Group 1H,sas4eka,Prov 1,781401.804302568
2015-03-10 12:59:52,Group 1H,sas4eka,Prov 2,764209.341586944
2015-03-10 12:59:54,Group 1H,sas4eka,System,752532.561505065
2015-03-10 13:01:16,Group 3F,rado42,Example,657894.736842105
2015-03-10 13:01:37,Group 3F,rado42,Prov 1,822810.590631365
2015-03-10 13:01:39,Group 3F,rado42,Prov 2,804956.896551724
2015-03-10 13:01:41,Group 3F,rado42,System,811780.947998159
2015-03-10 13:05:10,Group 1H,sas4eka,Prov 1,769886.363636364
2015-03-10 13:05:12,Group 1H,sas4eka,Prov 2,749706.227967098
2015-03-10 13:05:15,Group 1H,sas4eka,System,746401.985111662
2015-03-10 13:27:11,Group 1H,sas4eka,Prov 1,817627.118644068
2015-03-10 13:27:13,Group 1H,sas4eka,Prov 2,806100.217864924
2015-03-10 13:27:15,Group 1H,sas4eka,System,792959.703566466
2015-03-10 13:37:34,Group 3H,logico14,Example,10638.2978723404
2015-03-10 13:37:51,Group 1H,sas4eka,Prov 1,818791.946308725
2015-03-10 13:37:53,Group 1H,sas4eka,Prov 2,806067.172264355
2015-03-10 13:37:56,Group 1H,sas4eka,System,789134.438305709
2015-03-10 13:39:48,Group 3H,logico14,Prov 1,3500
2015-03-10 13:39:50,Group 3H,logico14,Prov 2,2676.77894267232
2015-03-10 13:39:51,Group 3H,logico14,System,856.531049250535
2015-03-10 13:58:21,Group 1E,atmosphere,Example,621621.621621622
2015-03-10 14:01:03,Group 1E,atmosphere,Prov 1,800263.678312459
2015-03-10 14:01:05,Group 1E,atmosphere,Prov 2,796126.949973104
2015-03-10 14:01:07,Group 1E,atmosphere,System,778957.083525611
2015-03-10 14:10:47,Group 3H,logico14,Example,12820.5128205128
2015-03-10 14:21:46,Group 1H,sas4eka,Prov 1,777931.034482759
2015-03-10 14:21:48,Group 1H,sas4eka,Prov 2,756029.164329781
2015-03-10 14:21:50,Group 1H,sas4eka,System,751434.034416826
2015-03-10 14:35:16,Group 1H,sas4eka,Prov 1,819228.165199729
2015-03-10 14:35:18,Group 1H,sas4eka,Prov 2,805904.86604702
2015-03-10 14:35:20,Group 1H,sas4eka,System,792153.199439514
2015-03-10 14:40:25,Group 1E,yaric_om,Prov 1,813052.345343304
2015-03-10 14:40:27,Group 1E,yaric_om,Prov 2,811044.937736871
2015-03-10 14:40:29,Group 1E,yaric_om,System,783466.416157821
2015-03-10 14:42:05,Group 2G,limed,Example,623376.623376623
2015-03-10 14:42:53,Group 2G,limed,Prov 1,821525.885558583
2015-03-10 14:42:55,Group 2G,limed,Prov 2,800000
2015-03-10 14:42:57,Group 2G,limed,System,806316.76730144
2015-03-10 14:51:57,Group 3H,logico14,Example,0
2015-03-10 15:08:24,Group 3H,logico14,Example,0
2015-03-10 15:12:56,Group 1H,sas4eka,Prov 1,811103.588354773
2015-03-10 15:12:58,Group 1H,sas4eka,Prov 2,798910.081743869
2015-03-10 15:13:00,Group 1H,sas4eka,System,800744.87895717
2015-03-10 15:13:02,Group 3F,rado42,Example,657894.736842105
2015-03-10 15:14:07,Group 3F,rado42,Prov 1,823848.238482385
2015-03-10 15:14:09,Group 3F,rado42,Prov 2,806659.505907626
2015-03-10 15:14:11,Group 3F,rado42,System,814338.235294118
2015-03-10 15:20:56,Group 3H,logico14,Example,0
2015-03-10 15:27:54,Group 1E,atmosphere,Example,441176.470588235
2015-03-10 15:31:25,Group 3H,logico14,Example,0
2015-03-10 15:40:25,Group 2E,JRSSKumarD,Prov 1,822177.146720757
2015-03-10 15:40:27,Group 2E,JRSSKumarD,Prov 2,800215.401184706
2015-03-10 15:40:29,Group 2E,JRSSKumarD,System,811753.902662994
2015-03-10 15:44:14,Group 1H,sas4eka,Prov 1,822818.791946309
2015-03-10 15:44:16,Group 1H,sas4eka,Prov 2,809498.111171074
2015-03-10 15:44:18,Group 1H,sas4eka,System,802594.99536608
2015-03-10 15:52:14,Group 1A,kubapb,Example,567567.567567568
2015-03-10 15:57:12,Group 1A,kubapb,Prov 1,806970.509383378
2015-03-10 15:57:14,Group 1A,kubapb,Prov 2,781199.351701783
2015-03-10 15:57:16,Group 1A,kubapb,System,780240.073868883
2015-03-10 15:57:37,Group 3H,logico14,Example,160000
2015-03-10 15:58:30,Group 3H,logico14,Prov 1,366181.410974244
2015-03-10 15:58:32,Group 3H,logico14,Prov 2,393305.439330544
2015-03-10 15:58:33,Group 3H,logico14,System,308026.030368764
2015-03-10 16:02:36,Group 1A,kubapb,Prov 1,806970.509383378
2015-03-10 16:02:38,Group 1A,kubapb,Prov 2,781199.351701783
2015-03-10 16:02:40,Group 1A,kubapb,System,780240.073868883
2015-03-10 16:27:11,Group 3H,logico14,Example,160000
2015-03-10 16:31:20,Group 3H,logico14,Example,83333.3333333333
2015-03-10 16:32:20,Group 3H,logico14,Prov 1,370872.142252329
2015-03-10 16:32:21,Group 3H,logico14,Prov 2,308139.534883721
2015-03-10 16:32:23,Group 3H,logico14,System,312098.188194039
2015-03-10 16:40:45,Group 3H,logico14,Example,119047.619047619
2015-03-10 16:43:34,Group 3H,logico14,Example,567567.567567568
2015-03-10 16:50:12,Group 3H,logico14,Example,192307.692307692
2015-03-10 16:50:47,Group 3H,logico14,Prov 1,385365.853658537
2015-03-10 16:50:49,Group 3H,logico14,Prov 2,317505.315379164
2015-03-10 16:50:50,Group 3H,logico14,System,320088.300220751
2015-03-10 16:51:52,Group 3F,rado42,Example,658227.848101266
2015-03-10 16:52:10,Group 3F,rado42,Prov 1,822972.972972973
2015-03-10 16:52:12,Group 3F,rado42,Prov 2,803217.158176944
2015-03-10 16:52:15,Group 3F,rado42,System,807339.449541284
2015-03-10 17:01:32,Group 3H,logico14,Example,192307.692307692
2015-03-10 17:02:19,Group 3H,logico14,Prov 1,384740.25974026
2015-03-10 17:02:21,Group 3H,logico14,Prov 2,317055.909412597
2015-03-10 17:02:22,Group 3H,logico14,System,321408.915795267
2015-03-10 17:09:02,Group 3H,logico14,Example,124223.602484472
2015-03-10 17:13:55,Group 2C,soybean,Example,630136.98630137
2015-03-10 17:14:57,Group 2C,soybean,Prov 1,806495.263870095
2015-03-10 17:14:59,Group 2C,soybean,Prov 2,792249.730893434
2015-03-10 17:15:02,Group 2C,soybean,System,792866.941015089
2015-03-10 17:23:45,Group 3F,rado42,Example,649350.649350649
2015-03-10 17:24:06,Group 3F,rado42,Prov 1,823848.238482385
2015-03-10 17:24:09,Group 3F,rado42,Prov 2,807319.698600646
2015-03-10 17:24:11,Group 3F,rado42,System,811059.907834102
2015-03-10 17:30:51,Group 1E,yaric_om,Prov 1,809716.599190283
2015-03-10 17:30:53,Group 1E,yaric_om,Prov 2,801728.795245813
2015-03-10 17:30:55,Group 1E,yaric_om,System,781835.205992509
2015-03-10 17:40:27,Group 3F,GoogleHireMe,Example,567567.567567568
2015-03-10 17:41:26,Group 3F,GoogleHireMe,Prov 1,806970.509383378
2015-03-10 17:41:28,Group 3F,GoogleHireMe,Prov 2,781199.351701783
2015-03-10 17:41:30,Group 3F,GoogleHireMe,System,780240.073868883
2015-03-10 17:43:46,Group 2H,marek.cygan,Example,630136.98630137
2015-03-10 17:44:59,Group 2H,marek.cygan,Prov 1,806495.263870095
2015-03-10 17:45:01,Group 2H,marek.cygan,Prov 2,792249.730893434
2015-03-10 17:45:03,Group 2H,marek.cygan,System,792866.941015089
2015-03-10 17:54:03,Group 3F,rado42,Example,605263.157894737
2015-03-10 17:54:21,Group 3F,rado42,Prov 1,806473.364801079
2015-03-10 17:54:23,Group 3F,rado42,Prov 2,793140.407288317
2015-03-10 17:54:25,Group 3F,rado42,System,802192.78209228
2015-03-10 17:55:30,Group 1H,sas4eka,Prov 1,814218.645204561
2015-03-10 17:55:32,Group 1H,sas4eka,Prov 2,802603.036876356
2015-03-10 17:55:34,Group 1H,sas4eka,System,796484.736355227
2015-03-10 18:01:39,Group 1H,sas4eka,Prov 1,826057.756883815
2015-03-10 18:01:41,Group 1H,sas4eka,Prov 2,813079.019073569
2015-03-10 18:01:43,Group 1H,sas4eka,System,797956.339990711
2015-03-10 18:16:27,Group 1H,sas4eka,Prov 1,823371.390194761
2015-03-10 18:16:29,Group 1H,sas4eka,Prov 2,803243.243243243
2015-03-10 18:16:31,Group 1H,sas4eka,System,799628.942486085
2015-03-10 18:22:03,Group 3F,rado42,Example,567567.567567568
2015-03-10 18:24:28,Group 3F,rado42,Example,567567.567567568
2015-03-10 18:26:14,Group 3F,rado42,Prov 1,806970.509383378
2015-03-10 18:26:16,Group 3F,rado42,Prov 2,781199.351701783
2015-03-10 18:26:18,Group 3F,rado42,System,780240.073868883
2015-03-10 18:37:28,Group 1E,atmosphere,Example,542857.142857143
2015-03-10 19:08:43,Group 1H,sas4eka,Prov 1,830060.934326337
2015-03-10 19:08:45,Group 1H,sas4eka,Prov 2,816748.232735182
2015-03-10 19:08:47,Group 1H,sas4eka,System,803156.917363045
2015-03-10 19:24:57,Group 1H,sas4eka,Prov 1,813605.442176871
2015-03-10 19:24:59,Group 1H,sas4eka,Prov 2,809601.745771958
2015-03-10 19:25:01,Group 1H,sas4eka,System,794751.640112465
2015-03-10 19:31:42,Group 1H,sas4eka,Prov 1,812711.291413117
2015-03-10 19:31:44,Group 1H,sas4eka,Prov 2,795851.528384279
2015-03-10 19:31:46,Group 1H,sas4eka,System,791239.515377446
2015-03-10 19:37:27,Group 1H,sas4eka,Prov 1,830060.934326337
2015-03-10 19:37:29,Group 1H,sas4eka,Prov 2,816748.232735182
2015-03-10 19:37:31,Group 1H,sas4eka,System,803156.917363045
2015-03-10 19:56:36,Group 3F,rado42,Example,361445.78313253
2015-03-10 20:05:35,Group 3B,EvbCFfp1XB,Example,641025.641025641
2015-03-10 20:05:59,Group 3B,EvbCFfp1XB,Prov 1,794996.525364837
2015-03-10 20:06:01,Group 3B,EvbCFfp1XB,Prov 2,797831.978319783
2015-03-10 20:06:03,Group 3B,EvbCFfp1XB,System,796080.261315912
2015-03-10 21:29:08,Group 2E,dimkadimon,Prov 1,822895.622895623
2015-03-10 21:29:10,Group 2E,dimkadimon,Prov 2,801963.993453355
2015-03-10 21:29:12,Group 2E,dimkadimon,System,797789.037309995
2015-03-10 21:36:28,Group 3E,Lozy,Example,630136.98630137
2015-03-10 22:09:57,Group 1H,brev,Example,630136.98630137
2015-03-10 22:11:24,Group 1H,brev,Prov 1,806495.263870095
2015-03-10 22:11:26,Group 1H,brev,Prov 2,792249.730893434
2015-03-10 22:11:28,Group 1H,brev,System,792866.941015089
2015-03-10 22:36:32,Group 3F,rado42,Example,372093.023255814
2015-03-10 22:39:26,Group 3F,rado42,Example,666666.666666667
2015-03-10 22:48:22,Group 1H,haveri,Prov 1,815415.821501014
2015-03-10 22:48:24,Group 1H,haveri,Prov 2,796992.481203008
2015-03-10 22:48:26,Group 1H,haveri,System,808118.081180812
2015-03-10 23:48:08,Group 2E,dimkadimon,Prov 1,823529.411764706
2015-03-10 23:48:11,Group 2E,dimkadimon,Prov 2,800438.596491228
2015-03-10 23:48:13,Group 2E,dimkadimon,System,794405.594405594
2015-03-10 23:51:47,Group 1F,haipt81,Example,630136.98630137
2015-03-10 23:53:54,Group 1F,haipt81,Prov 1,806495.263870095
2015-03-10 23:53:56,Group 1F,haipt81,Prov 2,792249.730893434
2015-03-10 23:53:59,Group 1F,haipt81,System,792866.941015089
2015-03-11 01:33:47,Group 2E,dimkadimon,Prov 1,823529.411764706
2015-03-11 01:33:49,Group 2E,dimkadimon,Prov 2,800438.596491228
2015-03-11 01:33:51,Group 2E,dimkadimon,System,794405.594405594
2015-03-11 01:40:20,Group 2E,dimkadimon,Prov 1,823529.411764706
2015-03-11 01:40:22,Group 2E,dimkadimon,Prov 2,800438.596491228
2015-03-11 01:40:24,Group 2E,dimkadimon,System,794405.594405594
2015-03-11 01:47:38,Group 2E,zaq1xsw2tktk,Example,657534.246575342
2015-03-11 01:49:11,Group 2E,zaq1xsw2tktk,Prov 1,809491.525423729
2015-03-11 01:49:13,Group 2E,zaq1xsw2tktk,Prov 2,793770.139634801
2015-03-11 01:49:15,Group 2E,zaq1xsw2tktk,System,801843.31797235
2015-03-11 01:57:36,Group 3C,megaterik,Example,567567.567567568
2015-03-11 01:58:37,Group 3C,megaterik,Prov 1,806970.509383378
2015-03-11 01:58:39,Group 3C,megaterik,Prov 2,781199.351701783
2015-03-11 01:58:42,Group 3C,megaterik,System,780240.073868883
2015-03-11 02:24:37,Group 2E,zaq1xsw2tktk,Example,657534.246575342
2015-03-11 02:25:06,Group 2E,LOY,Example,657534.246575342
2015-03-11 02:26:05,Group 2E,LOY,Prov 1,809491.525423729
2015-03-11 02:26:08,Group 2E,LOY,Prov 2,793770.139634801
2015-03-11 02:26:10,Group 2E,LOY,System,801843.31797235
2015-03-11 02:26:12,Group 2E,zaq1xsw2tktk,Prov 1,809491.525423729
2015-03-11 02:26:14,Group 2E,zaq1xsw2tktk,Prov 2,793770.139634801
2015-03-11 02:26:16,Group 2E,zaq1xsw2tktk,System,801843.31797235
2015-03-11 03:03:35,Group 3H,TMALBONPH,Prov 1,809491.525423729
2015-03-11 03:03:38,Group 3H,TMALBONPH,Prov 2,793770.139634801
2015-03-11 03:03:40,Group 3H,TMALBONPH,System,801843.31797235
2015-03-11 03:04:58,Group 3E,Lozy,Prov 1,816882.232811436
2015-03-11 03:05:00,Group 3E,Lozy,Prov 2,788043.47826087
2015-03-11 03:05:02,Group 3E,Lozy,System,792435.424354244
2015-03-11 03:23:51,Group 3E,Lozy,Example,575342.465753425
2015-03-11 03:24:46,Group 3E,Lozy,Prov 1,809139.784946237
2015-03-11 03:24:48,Group 3E,Lozy,Prov 2,771739.130434782
2015-03-11 03:24:50,Group 3E,Lozy,System,786006.360745116
2015-03-11 03:40:55,Group 1B,cxz2004,Example,622950.819672131
2015-03-11 03:41:39,Group 1B,cxz2004,Prov 1,741418.76430206
2015-03-11 03:41:41,Group 1B,cxz2004,Prov 2,700822.264389627
2015-03-11 03:41:43,Group 1B,cxz2004,System,677948.175568482
2015-03-11 03:45:05,Group 3E,Lozy,Prov 1,809427.609427609
2015-03-11 03:45:08,Group 3E,Lozy,Prov 2,783669.141039236
2015-03-11 03:45:10,Group 3E,Lozy,System,787550.744248985
2015-03-11 04:08:11,Group 2G,limed,Example,623376.623376623
2015-03-11 04:21:10,Group 1H,smudge,Example,625000
2015-03-11 04:22:26,Group 1H,smudge,Prov 1,703726.328649969
2015-03-11 04:22:28,Group 1H,smudge,Prov 2,719351.5704154
2015-03-11 04:22:30,Group 1H,smudge,System,687288.13559322
2015-03-11 04:27:36,Group 2E,LOY,Prov 1,809491.525423729
2015-03-11 04:27:38,Group 2E,LOY,Prov 2,793770.139634801
2015-03-11 04:27:40,Group 2E,LOY,System,801843.31797235
2015-03-11 05:07:07,Group 3E,Lozy,Prov 1,799468.791500664
2015-03-11 05:07:09,Group 3E,Lozy,Prov 2,779481.755684823
2015-03-11 05:07:11,Group 3E,Lozy,System,782022.471910112
2015-03-11 05:16:53,Group 3C,megaterik,Prov 1,647268.408551069
2015-03-11 05:16:55,Group 3C,megaterik,Prov 2,655919.395465995
2015-03-11 05:16:57,Group 3C,megaterik,System,647451.963241437
2015-03-11 05:17:34,Group 1H,sas4eka,Prov 1,812457.684495599
2015-03-11 05:17:36,Group 1H,sas4eka,Prov 2,801089.918256131
2015-03-11 05:17:38,Group 1H,sas4eka,System,791433.891992551
2015-03-11 05:19:47,Group 1G,mln,Prov 1,826322.930800543
2015-03-11 05:19:49,Group 1G,mln,Prov 2,809012.875536481
2015-03-11 05:19:51,Group 1G,mln,System,800184.586986617
2015-03-11 05:21:01,Group 1E,all_random,Prov 1,814411.964649898
2015-03-11 05:21:03,Group 1E,all_random,Prov 2,795687.331536388
2015-03-11 05:21:05,Group 1E,all_random,System,792592.592592592
2015-03-11 05:28:10,Group 2F,nkshn,Example,657534.246575342
2015-03-11 05:28:55,Group 1G,mln,Prov 1,826322.930800543
2015-03-11 05:28:57,Group 1G,mln,Prov 2,809012.875536481
2015-03-11 05:28:59,Group 1G,mln,System,800184.586986617
2015-03-11 05:39:10,Group 1E,all_random,Prov 1,5076.1421319797
2015-03-11 05:39:12,Group 1E,all_random,Prov 2,4089.97955010225
2015-03-11 05:39:14,Group 1E,all_random,System,6802.72108843537
2015-03-11 05:54:54,Group 1G,mln,Prov 1,818673.883626522
2015-03-11 05:54:56,Group 1G,mln,Prov 2,797631.862217438
2015-03-11 05:54:58,Group 1G,mln,System,796680.497925311
2015-03-11 05:55:11,Group 1C,WTrei,Prov 1,810955.243820975
2015-03-11 05:55:13,Group 1C,WTrei,Prov 2,810372.771474879
2015-03-11 05:55:15,Group 1C,WTrei,System,794495.412844037
2015-03-11 06:00:52,Group 1H,sas4eka,Prov 1,813513.513513513
2015-03-11 06:00:55,Group 1H,sas4eka,Prov 2,804560.260586319
2015-03-11 06:00:57,Group 1H,sas4eka,System,797965.78825705
2015-03-11 06:04:45,Group 1G,mln,Prov 1,806970.509383378
2015-03-11 06:04:47,Group 1G,mln,Prov 2,781199.351701783
2015-03-11 06:04:49,Group 1G,mln,System,780240.073868883
2015-03-11 06:05:30,Group 1E,all_random,Prov 1,804166.666666667
2015-03-11 06:05:32,Group 1E,all_random,Prov 2,787436.904094223
2015-03-11 06:05:34,Group 1E,all_random,System,760211.436809226
2015-03-11 06:06:32,Group 1H,sas4eka,Prov 1,812797.821647379
2015-03-11 06:06:34,Group 1H,sas4eka,Prov 2,803046.789989119
2015-03-11 06:06:36,Group 1H,sas4eka,System,795146.990200653
2015-03-11 06:14:26,Group 3C,megaterik,Prov 1,399588.053553038
2015-03-11 06:14:28,Group 3C,megaterik,Prov 2,400654.129190515
2015-03-11 06:14:30,Group 3C,megaterik,System,406570.841889117
2015-03-11 06:20:04,Group 3F,klo86min,Prov 1,804318.488529015
2015-03-11 06:20:06,Group 3F,klo86min,Prov 2,792880.258899676
2015-03-11 06:20:08,Group 3F,klo86min,System,797624.486066697
2015-03-11 06:21:37,Group 3C,megaterik,Prov 1,758004.467609829
2015-03-11 06:21:39,Group 3C,megaterik,Prov 2,708767.627222563
2015-03-11 06:21:41,Group 3C,megaterik,System,705148.205928237
2015-03-11 06:26:24,Group 1G,mln,Prov 1,810554.803788904
2015-03-11 06:26:26,Group 1G,mln,Prov 2,790923.824959481
2015-03-11 06:26:28,Group 1G,mln,System,791896.869244936
2015-03-11 06:27:21,Group 2E,LOY,Prov 1,809491.525423729
2015-03-11 06:27:23,Group 2E,LOY,Prov 2,793770.139634801
2015-03-11 06:27:26,Group 2E,LOY,System,801843.31797235
2015-03-11 06:30:23,Group 2F,nkshn,Example,388888.888888889
2015-03-11 06:32:16,Group 2F,nkshn,Prov 1,574375.678610206
2015-03-11 06:32:18,Group 2F,nkshn,Prov 2,600561.272217025
2015-03-11 06:32:20,Group 2F,nkshn,System,581521.739130435
2015-03-11 06:35:01,Group 3F,klo86min,Example,621621.621621622
2015-03-11 06:36:01,Group 3F,klo86min,Prov 1,804318.488529015
2015-03-11 06:36:02,Group 3F,klo86min,Prov 2,792880.258899676
2015-03-11 06:36:04,Group 3F,klo86min,System,797624.486066697
2015-03-11 07:11:09,Group 2E,LOY,Prov 1,22075.055187638
2015-03-11 07:11:11,Group 2E,LOY,Prov 2,9345.79439252336
2015-03-11 07:11:13,Group 2E,LOY,System,20046.2606013878
2015-03-11 07:19:42,Group 3B,EvbCFfp1XB,Example,675675.675675676
2015-03-11 07:20:22,Group 3B,EvbCFfp1XB,Prov 1,808108.108108108
2015-03-11 07:20:24,Group 3B,EvbCFfp1XB,Prov 2,798487.304159914
2015-03-11 07:20:26,Group 3B,EvbCFfp1XB,System,804218.248509858
2015-03-11 07:22:34,Group 1E,all_random,Prov 1,786484.543493889
2015-03-11 07:22:36,Group 1E,all_random,Prov 2,771395.076201641
2015-03-11 07:22:38,Group 1E,all_random,System,772440.562833576
2015-03-11 07:23:16,Group 3F,klo86min,Prov 1,809749.492213947
2015-03-11 07:23:18,Group 3F,klo86min,Prov 2,796346.050510478
2015-03-11 07:23:20,Group 3F,klo86min,System,801463.860933211
2015-03-11 07:34:54,Group 3C,megaterik,Prov 1,777704.047777041
2015-03-11 07:34:56,Group 3C,megaterik,Prov 2,762720.942688805
2015-03-11 07:34:58,Group 3C,megaterik,System,757182.576459685
2015-03-11 07:44:43,Group 3F,wsobolewski,Prov 1,817874.069058903
2015-03-11 07:44:45,Group 3F,wsobolewski,Prov 2,794387.479762547
2015-03-11 07:44:47,Group 3F,wsobolewski,System,805682.859761687
2015-03-11 07:49:50,Group 1G,mln,Prov 1,826322.930800543
2015-03-11 07:49:52,Group 1G,mln,Prov 2,809012.875536481
2015-03-11 07:49:54,Group 1G,mln,System,800184.586986617
2015-03-11 08:19:33,Group 1C,WTrei,Prov 1,816076.294277929
2015-03-11 08:19:35,Group 1C,WTrei,Prov 2,808181.315644002
2015-03-11 08:19:37,Group 1C,WTrei,System,788587.464920486
2015-03-11 08:30:09,Group 1E,all_random,Prov 1,819538.670284939
2015-03-11 08:30:11,Group 1E,all_random,Prov 2,799354.491662184
2015-03-11 08:30:13,Group 1E,all_random,System,802571.16620753
2015-03-11 08:34:52,Group 1C,WTrei,Prov 1,822972.972972973
2015-03-11 08:34:55,Group 1C,WTrei,Prov 2,794652.406417112
2015-03-11 08:34:57,Group 1C,WTrei,System,804967.801287949
2015-03-11 08:54:58,Group 2D,miguel_clean,Prov 1,792478.173270651
2015-03-11 08:55:00,Group 2D,miguel_clean,Prov 2,755628.775398133
2015-03-11 08:55:02,Group 2D,miguel_clean,System,735514.018691589
2015-03-11 09:04:53,Group 2F,nkshn,Example,657894.736842105
2015-03-11 09:05:31,Group 2F,nkshn,Prov 1,824324.324324324
2015-03-11 09:05:33,Group 2F,nkshn,Prov 2,797202.797202797
2015-03-11 09:05:35,Group 2F,nkshn,System,808608.058608059
2015-03-11 09:09:20,Group 3F,klo86min,Prov 1,824086.603518268
2015-03-11 09:09:22,Group 3F,klo86min,Prov 2,792918.454935622
2015-03-11 09:09:25,Group 3F,klo86min,System,804057.169202397
2015-03-11 09:09:27,Group 1E,yaric_om,Prov 1,817627.118644068
2015-03-11 09:09:29,Group 1E,yaric_om,Prov 2,804134.929270947
2015-03-11 09:09:31,Group 1E,yaric_om,System,776371.308016878
2015-03-11 09:09:33,Group 3C,megaterik,Prov 1,577728.776185226
2015-03-11 09:09:36,Group 3C,megaterik,Prov 2,609995.329285381
2015-03-11 09:09:38,Group 3C,megaterik,System,585028.790786948
2015-03-11 09:15:51,Group 1E,yaric_om,Prov 1,824010.914051842
2015-03-11 09:15:53,Group 1E,yaric_om,Prov 2,814612.868047983
2015-03-11 09:15:55,Group 1E,yaric_om,System,782405.240992045
2015-03-11 09:16:37,Group 2E,LOY,Prov 1,815114.709851552
2015-03-11 09:16:39,Group 2E,LOY,Prov 2,795698.924731183
2015-03-11 09:16:41,Group 2E,LOY,System,801473.97512667
2015-03-11 09:26:26,Group 3C,megaterik,Prov 1,791194.129419613
2015-03-11 09:26:28,Group 3C,megaterik,Prov 2,769647.696476965
2015-03-11 09:26:30,Group 3C,megaterik,System,755472.752678156
2015-03-11 09:30:47,Group 3F,klo86min,Prov 1,810263.335584065
2015-03-11 09:30:49,Group 3F,klo86min,Prov 2,788399.570354457
2015-03-11 09:30:51,Group 3F,klo86min,System,806080.147397513
2015-03-11 09:35:36,Group 1H,sas4eka,Prov 1,815468.113975577
2015-03-11 09:35:38,Group 1H,sas4eka,Prov 2,795604.395604396
2015-03-11 09:35:40,Group 1H,sas4eka,System,796287.703016241
2015-03-11 09:38:37,Group 1C,WTrei,Prov 1,785865.724381625
2015-03-11 09:38:39,Group 1C,WTrei,Prov 2,782065.834279228
2015-03-11 09:38:42,Group 1C,WTrei,System,790407.673860911
2015-03-11 09:39:57,Group 2H,wzyxp_123,Example,447761.194029851
2015-03-11 09:41:42,Group 1H,sas4eka,Prov 1,825910.931174089
2015-03-11 09:41:44,Group 1H,sas4eka,Prov 2,807982.740021575
2015-03-11 09:41:47,Group 1H,sas4eka,System,800185.873605948
2015-03-11 09:42:42,Group 2H,wzyxp_123,Prov 1,773333.333333333
2015-03-11 09:42:44,Group 2H,wzyxp_123,Prov 2,744212.962962963
2015-03-11 09:42:46,Group 2H,wzyxp_123,System,781103.83536015
2015-03-11 09:42:48,Group 1E,all_random,Prov 1,814814.814814815
2015-03-11 09:42:50,Group 1E,all_random,Prov 2,801086.956521739
2015-03-11 09:42:52,Group 1E,all_random,System,804821.511358368
2015-03-11 09:49:42,Group 1H,sas4eka,Prov 1,822028.206850235
2015-03-11 09:49:44,Group 1H,sas4eka,Prov 2,805405.405405406
2015-03-11 09:49:47,Group 1H,sas4eka,System,793886.058360352
2015-03-11 09:54:43,Group 1E,all_random,Prov 1,814814.814814815
2015-03-11 09:54:45,Group 1E,all_random,Prov 2,801086.956521739
2015-03-11 09:54:47,Group 1E,all_random,System,804821.511358368
2015-03-11 09:54:50,Group 3F,klo86min,Prov 1,805990.469707284
2015-03-11 09:54:52,Group 3F,klo86min,Prov 2,790445.168295331
2015-03-11 09:54:55,Group 3F,klo86min,System,801104.972375691
2015-03-11 09:56:58,Group 3C,megaterik,Prov 1,791194.129419613
2015-03-11 09:57:00,Group 3C,megaterik,Prov 2,769647.696476965
2015-03-11 09:57:02,Group 3C,megaterik,System,755472.752678156
2015-03-11 10:02:45,Group 3C,megaterik,Prov 1,791194.129419613
2015-03-11 10:02:47,Group 3C,megaterik,Prov 2,769647.696476965
2015-03-11 10:02:49,Group 3C,megaterik,System,755472.752678156
2015-03-11 10:03:46,Group 1B,cxz2004,Example,170212.765957447
2015-03-11 10:17:32,Group 1H,smudge,Example,632911.392405063
2015-03-11 10:18:20,Group 1H,smudge,Prov 1,744097.000638162
2015-03-11 10:18:22,Group 1H,smudge,Prov 2,744669.786791472
2015-03-11 10:18:24,Group 1H,smudge,System,720106.288751107
2015-03-11 10:21:23,Group 2E,LOY,Prov 1,820582.261340555
2015-03-11 10:21:25,Group 2E,LOY,Prov 2,800000
2015-03-11 10:21:27,Group 2E,LOY,System,802406.293382693
2015-03-11 10:30:23,Group 2H,wzyxp_123,Example,648648.648648649
2015-03-11 10:30:58,Group 2H,wzyxp_123,Prov 1,815718.157181572
2015-03-11 10:31:00,Group 2H,wzyxp_123,Prov 2,801288.936627283
2015-03-11 10:31:02,Group 2H,wzyxp_123,System,804417.85549931
2015-03-11 10:32:45,Group 1H,sas4eka,Prov 1,826755.852842809
2015-03-11 10:32:47,Group 1H,sas4eka,Prov 2,810840.108401084
2015-03-11 10:32:50,Group 1H,sas4eka,System,806675.938803894
2015-03-11 10:35:47,Group 3F,klo86min,Prov 1,820652.173913043
2015-03-11 10:35:49,Group 3F,klo86min,Prov 2,796336.206896552
2015-03-11 10:35:51,Group 3F,klo86min,System,800552.740672501
2015-03-11 10:38:31,Group 1H,sas4eka,Prov 1,829858.77605918
2015-03-11 10:38:33,Group 1H,sas4eka,Prov 2,812330.989724175
2015-03-11 10:38:35,Group 1H,sas4eka,System,806496.519721578
2015-03-11 10:39:03,Group 1C,WTrei,Prov 1,813351.498637602
2015-03-11 10:39:05,Group 1C,WTrei,Prov 2,806648.199445983
2015-03-11 10:39:07,Group 1C,WTrei,System,791393.826005613
2015-03-11 10:41:06,Group 3C,megaterik,Prov 1,822742.474916388
2015-03-11 10:41:08,Group 3C,megaterik,Prov 2,813577.586206897
2015-03-11 10:41:10,Group 3C,megaterik,System,801290.91747349
2015-03-11 10:44:51,Group 1H,sas4eka,Prov 1,823924.731182796
2015-03-11 10:44:53,Group 1H,sas4eka,Prov 2,812160.694896851
2015-03-11 10:44:55,Group 1H,sas4eka,System,807228.915662651
2015-03-11 10:44:57,Group 3B,EvbCFfp1XB,Example,621621.621621622
2015-03-11 10:45:57,Group 3B,EvbCFfp1XB,Prov 1,798662.20735786
2015-03-11 10:45:59,Group 3B,EvbCFfp1XB,Prov 2,782983.306408185
2015-03-11 10:46:01,Group 3B,EvbCFfp1XB,System,787322.002756086
2015-03-11 10:50:10,Group 1H,sas4eka,Prov 1,825033.647375505
2015-03-11 10:50:12,Group 1H,sas4eka,Prov 2,812160.694896851
2015-03-11 10:50:14,Group 1H,sas4eka,System,806870.937790158
2015-03-11 10:52:51,Group 1E,all_random,Prov 1,769012.082444918
2015-03-11 10:52:53,Group 1E,all_random,Prov 2,768341.998844599
2015-03-11 10:52:55,Group 1E,all_random,System,773786.40776699
2015-03-11 10:54:43,Group 1H,smudge,Example,535714.285714286
2015-03-11 10:55:05,Group 1H,smudge,Prov 1,681055.1558753
2015-03-11 10:55:07,Group 1H,smudge,Prov 2,668848.167539267
2015-03-11 10:55:09,Group 1H,smudge,System,651697.699890471
2015-03-11 10:55:23,Group 1H,sas4eka,Prov 1,822946.175637394
2015-03-11 10:55:25,Group 1H,sas4eka,Prov 2,806542.583192329
2015-03-11 10:55:27,Group 1H,sas4eka,System,785365.853658537
2015-03-11 10:56:17,Group 2E,LOY,Prov 1,820582.261340555
2015-03-11 10:56:19,Group 2E,LOY,Prov 2,800000
2015-03-11 10:56:21,Group 2E,LOY,System,802406.293382693
2015-03-11 11:02:44,Group 1H,sas4eka,Prov 1,827777.777777778
2015-03-11 11:02:46,Group 1H,sas4eka,Prov 2,811529.933481153
2015-03-11 11:02:49,Group 1H,sas4eka,System,800757.217226692
2015-03-11 11:08:09,Group 1H,sas4eka,Prov 1,828051.247471342
2015-03-11 11:08:11,Group 1H,sas4eka,Prov 2,813890.396093326
2015-03-11 11:08:13,Group 1H,sas4eka,System,805762.081784387
2015-03-11 11:08:19,Group 2H,wzyxp_123,Example,636363.636363636
2015-03-11 11:09:03,Group 1C,WTrei,Prov 1,818181.818181818
2015-03-11 11:09:05,Group 1C,WTrei,Prov 2,804997.284084736
2015-03-11 11:09:07,Group 1C,WTrei,System,792834.175470832
2015-03-11 11:09:14,Group 2H,wzyxp_123,Prov 1,795729.537366548
2015-03-11 11:09:16,Group 2H,wzyxp_123,Prov 2,798857.142857143
2015-03-11 11:09:18,Group 2H,wzyxp_123,System,790243.902439024
2015-03-11 11:13:21,Group 1H,sas4eka,Prov 1,830060.934326337
2015-03-11 11:13:23,Group 1H,sas4eka,Prov 2,816748.232735182
2015-03-11 11:13:25,Group 1H,sas4eka,System,803156.917363045
2015-03-11 11:14:26,Group 3F,klo86min,Prov 1,812754.409769335
2015-03-11 11:14:28,Group 3F,klo86min,Prov 2,788732.394366197
2015-03-11 11:14:30,Group 3F,klo86min,System,805901.337021669
2015-03-11 11:16:42,Group 1E,all_random,Prov 1,819538.670284939
2015-03-11 11:16:44,Group 1E,all_random,Prov 2,799354.491662184
2015-03-11 11:16:46,Group 1E,all_random,System,802571.16620753
2015-03-11 11:20:33,Group 2H,wzyxp_123,Example,657534.246575342
2015-03-11 11:21:32,Group 2H,wzyxp_123,Prov 1,809491.525423729
2015-03-11 11:21:35,Group 2H,wzyxp_123,Prov 2,793770.139634801
2015-03-11 11:21:37,Group 2H,wzyxp_123,System,801843.31797235
2015-03-11 11:21:59,Group 3C,megaterik,Prov 1,823061.630218688
2015-03-11 11:22:01,Group 3C,megaterik,Prov 2,805376.344086022
2015-03-11 11:22:03,Group 3C,megaterik,System,801094.890510949
2015-03-11 11:37:49,Group 1E,all_random,Prov 1,819060.773480663
2015-03-11 11:37:51,Group 1E,all_random,Prov 2,783425.414364641
2015-03-11 11:37:53,Group 1E,all_random,System,786050.895381716
2015-03-11 11:38:36,Group 1H,smudge,Example,704225.352112676
2015-03-11 11:39:05,Group 2H,wzyxp_123,Example,575757.575757576
2015-03-11 11:39:07,Group 1H,smudge,Prov 1,803867.403314917
2015-03-11 11:39:09,Group 1H,smudge,Prov 2,766666.666666667
2015-03-11 11:39:11,Group 1H,smudge,System,730694.980694981
2015-03-11 11:39:52,Group 2H,wzyxp_123,Prov 1,781524.926686217
2015-03-11 11:39:54,Group 2H,wzyxp_123,Prov 2,775800.711743772
2015-03-11 11:39:56,Group 2H,wzyxp_123,System,772196.854388635
2015-03-11 11:40:48,Group 3F,klo86min,Prov 1,824086.603518268
2015-03-11 11:40:50,Group 3F,klo86min,Prov 2,792918.454935622
2015-03-11 11:40:53,Group 3F,klo86min,System,804057.169202397
2015-03-11 12:03:57,Group 1E,all_random,Prov 1,784953.867991483
2015-03-11 12:03:59,Group 1E,all_random,Prov 2,773242.630385487
2015-03-11 12:04:01,Group 1E,all_random,System,764227.642276423
2015-03-11 12:10:05,Group 3B,EvbCFfp1XB,Example,675324.675324675
2015-03-11 12:10:40,Group 3B,EvbCFfp1XB,Prov 1,818983.050847458
2015-03-11 12:10:42,Group 3B,EvbCFfp1XB,Prov 2,796546.141392337
2015-03-11 12:10:44,Group 3B,EvbCFfp1XB,System,802594.99536608
2015-03-11 12:13:18,Group 1C,cyril.v,Prov 1,695298.8972722
2015-03-11 12:13:20,Group 1C,cyril.v,Prov 2,737657.308809293
2015-03-11 12:13:23,Group 1C,cyril.v,System,721204.721204721
2015-03-11 12:28:11,Group 1H,smudge,Example,539682.53968254
2015-03-11 12:29:24,Group 1H,smudge,Prov 1,775272.727272727
2015-03-11 12:29:27,Group 1H,smudge,Prov 2,727272.727272727
2015-03-11 12:29:29,Group 1H,smudge,System,718209.562563581
2015-03-11 12:33:47,Group 3B,EvbCFfp1XB,Example,649350.649350649
2015-03-11 12:34:59,Group 3B,EvbCFfp1XB,Prov 1,796386.37943016
2015-03-11 12:35:01,Group 3B,EvbCFfp1XB,Prov 2,801518.438177874
2015-03-11 12:35:03,Group 3B,EvbCFfp1XB,System,790111.940298507
2015-03-11 12:38:07,Group 3C,megaterik,Prov 1,822742.474916388
2015-03-11 12:38:10,Group 3C,megaterik,Prov 2,813577.586206897
2015-03-11 12:38:12,Group 3C,megaterik,System,801290.91747349
2015-03-11 12:42:49,Group 3F,klo86min,Prov 1,811948.404616429
2015-03-11 12:42:51,Group 3F,klo86min,Prov 2,786529.060293319
2015-03-11 12:42:53,Group 3F,klo86min,System,803521.779425394
2015-03-11 12:47:36,Group 2H,wzyxp_123,Example,657534.246575342
2015-03-11 12:48:16,Group 2H,wzyxp_123,Prov 1,818737.270875764
2015-03-11 12:48:18,Group 2H,wzyxp_123,Prov 2,795271.359484148
2015-03-11 12:48:20,Group 2H,wzyxp_123,System,804629.62962963
2015-03-11 12:50:33,Group 1E,yaric_om,Prov 1,821138.211382114
2015-03-11 12:50:35,Group 1E,yaric_om,Prov 2,813008.130081301
2015-03-11 12:50:37,Group 1E,yaric_om,System,785546.69169404
2015-03-11 12:55:01,Group 2H,wzyxp_123,Example,701298.701298701
2015-03-11 12:56:12,Group 2H,wzyxp_123,Prov 1,824769.433465086
2015-03-11 12:56:14,Group 2H,wzyxp_123,Prov 2,817851.582771147
2015-03-11 12:56:17,Group 2H,wzyxp_123,System,830039.5256917
2015-03-11 12:58:49,Group 3F,klo86min,Prov 1,824086.603518268
2015-03-11 12:58:51,Group 3F,klo86min,Prov 2,792918.454935622
2015-03-11 12:58:53,Group 3F,klo86min,System,804057.169202397
2015-03-11 13:23:13,Group 1E,yaric_om,Prov 1,628742.51497006
2015-03-11 13:23:15,Group 1E,yaric_om,Prov 2,612469.437652812
2015-03-11 13:23:17,Group 1E,yaric_om,System,631053.419870195
2015-03-11 13:46:04,Group 3F,klo86min,Example,675675.675675676
2015-03-11 13:47:06,Group 3F,klo86min,Prov 1,806473.364801079
2015-03-11 13:47:09,Group 3F,klo86min,Prov 2,791052.918712493
2015-03-11 13:47:11,Group 3F,klo86min,System,797228.637413395
2015-03-11 13:52:34,Group 1H,smudge,Example,630136.98630137
2015-03-11 13:53:20,Group 1H,smudge,Prov 1,788211.103495545
2015-03-11 13:53:22,Group 1H,smudge,Prov 2,760422.456920511
2015-03-11 13:53:24,Group 1H,smudge,System,741734.547196933
2015-03-11 13:55:25,Group 2E,JRSSKumarD,Prov 1,553238.199780461
2015-03-11 13:55:28,Group 2E,JRSSKumarD,Prov 2,591457.753017642
2015-03-11 13:55:30,Group 2E,JRSSKumarD,System,562379.297025879
2015-03-11 14:14:45,Group 3F,klo86min,Prov 1,792633.015006821
2015-03-11 14:14:47,Group 3F,klo86min,Prov 2,777657.26681128
2015-03-11 14:14:50,Group 3F,klo86min,System,777368.90524379
2015-03-11 14:26:42,Group 3F,klo86min,Prov 1,801641.586867305
2015-03-11 14:26:44,Group 3F,klo86min,Prov 2,778751.369112815
2015-03-11 14:26:47,Group 3F,klo86min,System,778242.677824268
2015-03-11 15:04:09,Group 2D,miguel_clean,Prov 1,824324.324324324
2015-03-11 15:04:11,Group 2D,miguel_clean,Prov 2,802382.241472658
2015-03-11 15:04:13,Group 2D,miguel_clean,System,798524.665744583
2015-03-11 15:17:32,Group 2D,miguel_clean,Example,575342.465753425
2015-03-11 15:28:31,Group 3F,klo86min,Prov 1,808423.913043478
2015-03-11 15:28:33,Group 3F,klo86min,Prov 2,793942.67171444
2015-03-11 15:28:36,Group 3F,klo86min,System,806024.646280237
2015-03-11 16:07:37,Group 1E,yaric_om,Prov 1,809459.45945946
2015-03-11 16:07:39,Group 1E,yaric_om,Prov 2,814734.561213434
2015-03-11 16:07:41,Group 1E,yaric_om,System,789007.918025151
2015-03-11 16:25:42,Group 3B,Irioth,Example,516853.93258427
2015-03-11 16:30:34,Group 3B,Irioth,Example,630136.98630137
2015-03-11 16:53:29,Group 1F,sabbathist,Example,630136.98630137
2015-03-11 16:58:43,Group 1F,sabbathist,Prov 1,806495.263870095
2015-03-11 16:58:45,Group 1F,sabbathist,Prov 2,792249.730893434
2015-03-11 16:58:47,Group 1F,sabbathist,System,792866.941015089
2015-03-11 17:24:11,Group 1C,cyril.v,Prov 1,810006.76132522
2015-03-11 17:24:14,Group 1C,cyril.v,Prov 2,805778.49117175
2015-03-11 17:24:16,Group 1C,cyril.v,System,806584.362139918
2015-03-11 17:49:31,Group 1C,orlovan,Example,828571.428571429
2015-03-11 17:50:34,Group 1C,orlovan,Prov 1,746478.873239437
2015-03-11 17:50:36,Group 1C,orlovan,Prov 2,709236.031927024
2015-03-11 17:50:38,Group 1C,orlovan,System,685495.452369555
2015-03-11 17:58:38,Group 1C,orlovan,Prov 1,758122.74368231
2015-03-11 17:58:40,Group 1C,orlovan,Prov 2,789421.157684631
2015-03-11 17:58:42,Group 1C,orlovan,System,784628.378378378
2015-03-11 18:06:32,Group 1E,yaric_om,Prov 1,808395.396073121
2015-03-11 18:06:35,Group 1E,yaric_om,Prov 2,811279.826464208
2015-03-11 18:06:37,Group 1E,yaric_om,System,786485.218207414
2015-03-11 18:09:29,Group 1C,orlovan,Prov 1,725464.190981432
2015-03-11 18:09:31,Group 1C,orlovan,Prov 2,716268.739589117
2015-03-11 18:09:33,Group 1C,orlovan,System,688014.638609332
2015-03-11 18:16:58,Group 3D,chicapi,Example,630136.98630137
2015-03-11 18:28:52,Group 1C,cyril.v,Prov 1,822569.680489463
2015-03-11 18:28:54,Group 1C,cyril.v,Prov 2,806866.9527897
2015-03-11 18:28:56,Group 1C,cyril.v,System,810336.871250577
2015-03-11 19:00:34,Group 2D,Breusov,Example,567567.567567568
2015-03-11 19:01:29,Group 2D,Breusov,Prov 1,806970.509383378
2015-03-11 19:01:32,Group 2D,Breusov,Prov 2,781199.351701783
2015-03-11 19:01:34,Group 2D,Breusov,System,780240.073868883
2015-03-11 19:01:47,Group 1C,cyril.v,Prov 1,818490.82256968
2015-03-11 19:01:49,Group 1C,cyril.v,Prov 2,800863.464651916
2015-03-11 19:01:51,Group 1C,cyril.v,System,800185.873605948
2015-03-11 20:20:48,Group 1H,smudge,Prov 1,743295.019157088
2015-03-11 20:20:50,Group 1H,smudge,Prov 2,693181.818181818
2015-03-11 20:20:52,Group 1H,smudge,System,677265.500794913
2015-03-11 20:39:11,Group 2E,dimkadimon,Prov 1,823529.411764706
2015-03-11 20:39:13,Group 2E,dimkadimon,Prov 2,800438.596491228
2015-03-11 20:39:15,Group 2E,dimkadimon,System,794405.594405594
2015-03-11 21:14:10,Group 1H,smudge,Prov 1,783534.421575585
2015-03-11 21:14:12,Group 1H,smudge,Prov 2,743811.168681635
2015-03-11 21:14:14,Group 1H,smudge,System,723632.8125
2015-03-11 21:20:47,Group 3D,moshu,Example,363636.363636364
2015-03-11 21:24:46,Group 3D,moshu,Prov 1,488888.888888889
2015-03-11 21:24:48,Group 3D,moshu,Prov 2,514939.605848697
2015-03-11 21:24:50,Group 3D,moshu,System,528638.991066737
2015-03-11 21:24:52,Group 3E,Lozy,Prov 1,805725.971370143
2015-03-11 21:24:54,Group 3E,Lozy,Prov 2,791256.830601093
2015-03-11 21:24:56,Group 3E,Lozy,System,789497.927222478
2015-03-11 21:40:27,Group 3E,Lozy,Prov 1,812203.389830508
2015-03-11 21:40:29,Group 3E,Lozy,Prov 2,789502.460360853
2015-03-11 21:40:31,Group 3E,Lozy,System,799815.922687529
2015-03-11 22:04:09,Group 2H,wzyxp_123,Example,658536.585365854
2015-03-11 22:04:47,Group 3D,moshu,Example,515151.515151515
2015-03-11 22:07:31,Group 3D,moshu,Prov 1,741307.371349096
2015-03-11 22:07:33,Group 3D,moshu,Prov 2,697648.376259798
2015-03-11 22:07:35,Group 3D,moshu,System,702802.021129995
2015-03-11 22:09:50,Group 3E,Lozy,Prov 1,804013.377926421
2015-03-11 22:09:52,Group 3E,Lozy,Prov 2,788747.346072187
2015-03-11 22:09:54,Group 3E,Lozy,System,792196.007259528
2015-03-11 22:18:10,Group 2E,JRSSKumarD,Prov 1,799450.54945055
2015-03-11 22:18:12,Group 2E,JRSSKumarD,Prov 2,762909.494725153
2015-03-11 22:18:14,Group 2E,JRSSKumarD,System,732177.263969171
2015-03-11 22:20:15,Group 2H,wzyxp_123,Example,701298.701298701
2015-03-11 22:21:21,Group 2H,wzyxp_123,Prov 1,823373.173970784
2015-03-11 22:21:23,Group 2H,wzyxp_123,Prov 2,816945.606694561
2015-03-11 22:21:25,Group 2H,wzyxp_123,System,827187.916481564
2015-03-11 22:25:19,Group 2E,zaq1xsw2tktk,Example,478873.23943662
2015-03-11 22:26:04,Group 2E,zaq1xsw2tktk,Prov 1,788000
2015-03-11 22:26:06,Group 2E,zaq1xsw2tktk,Prov 2,778751.369112815
2015-03-11 22:26:09,Group 2E,zaq1xsw2tktk,System,776188.27872635
2015-03-11 22:30:37,Group 3E,Lozy,Prov 1,802693.602693603
2015-03-11 22:30:40,Group 3E,Lozy,Prov 2,783171.521035599
2015-03-11 22:30:42,Group 3E,Lozy,System,791590.493601462
2015-03-11 22:34:14,Group 2E,JRSSKumarD,Prov 1,803571.428571429
2015-03-11 22:34:16,Group 2E,JRSSKumarD,Prov 2,769656.699889258
2015-03-11 22:34:18,Group 2E,JRSSKumarD,System,732272.069464544
2015-03-11 22:34:22,Group 2H,wzyxp_123,Example,692307.692307692
2015-03-11 22:38:56,Group 2H,wzyxp_123,Example,700000
2015-03-11 22:39:44,Group 2H,wzyxp_123,Prov 1,826700.898587933
2015-03-11 22:39:46,Group 2H,wzyxp_123,Prov 2,817171.717171717
2015-03-11 22:39:48,Group 2H,wzyxp_123,System,821124.361158433
2015-03-11 23:01:59,Group 2E,JRSSKumarD,Prov 1,780859.916782247
2015-03-11 23:02:01,Group 2E,JRSSKumarD,Prov 2,781285.231116122
2015-03-11 23:02:03,Group 2E,JRSSKumarD,System,765325.670498084
2015-03-11 23:03:41,Group 2C,soybean,Example,361445.78313253
2015-03-11 23:13:00,Group 2D,Breusov,Prov 1,816576.086956522
2015-03-11 23:13:02,Group 2D,Breusov,Prov 2,786920.98092643
2015-03-11 23:13:04,Group 2D,Breusov,System,794470.046082949
2015-03-11 23:18:09,Group 1F,d_jash,Example,657534.246575342
2015-03-11 23:22:04,Group 2E,LOY,Prov 1,820582.261340555
2015-03-11 23:22:07,Group 2E,LOY,Prov 2,800000
2015-03-11 23:22:09,Group 2E,LOY,System,802406.293382693
2015-03-11 23:43:17,Group 2D,Breusov,Prov 1,819783.197831978
2015-03-11 23:43:19,Group 2D,Breusov,Prov 2,804324.324324324
2015-03-11 23:43:21,Group 2D,Breusov,System,805709.023941068
2015-03-11 23:50:27,Group 3B,EvbCFfp1XB,Example,682352.941176471
2015-03-11 23:51:06,Group 3B,EvbCFfp1XB,Prov 1,709838.107098381
2015-03-11 23:51:08,Group 3B,EvbCFfp1XB,Prov 2,756702.073849267
2015-03-11 23:51:11,Group 3B,EvbCFfp1XB,System,742160.278745645
2015-03-11 23:53:54,Group 2E,LOY,Prov 1,813811.780636425
2015-03-11 23:53:56,Group 2E,LOY,Prov 2,798278.644432491
2015-03-11 23:53:58,Group 2E,LOY,System,804438.280166436
2015-03-11 23:55:19,Group 2C,soybean,Example,408602.150537634
2015-03-11 23:58:52,Group 2C,soybean,Example,630136.98630137
2015-03-12 00:09:44,Group 2E,dimkadimon,Prov 1,805498.281786942
2015-03-12 00:09:46,Group 2E,dimkadimon,Prov 2,787479.406919275
2015-03-12 00:09:48,Group 2E,dimkadimon,System,782527.007984969
2015-03-12 00:31:05,Group 1H,brev,Prov 1,818673.883626522
2015-03-12 00:31:08,Group 1H,brev,Prov 2,793326.157158235
2015-03-12 00:31:10,Group 1H,brev,System,802389.705882353
2015-03-12 00:42:59,Group 2D,Breusov,Prov 1,823050.847457627
2015-03-12 00:43:01,Group 2D,Breusov,Prov 2,804547.915538711
2015-03-12 00:43:04,Group 2D,Breusov,System,809963.099630996
2015-03-12 01:07:36,Group 3B,EvbCFfp1XB,Example,578313.253012048
2015-03-12 01:08:25,Group 3B,EvbCFfp1XB,Prov 1,729426.433915212
2015-03-12 01:08:27,Group 3B,EvbCFfp1XB,Prov 2,743971.267316573
2015-03-12 01:08:29,Group 3B,EvbCFfp1XB,System,727430.555555556
2015-03-12 01:26:23,Group 2E,dimkadimon,Prov 1,825118.163403106
2015-03-12 01:26:25,Group 2E,dimkadimon,Prov 2,803717.878622198
2015-03-12 01:26:27,Group 2E,dimkadimon,System,800557.880055788
2015-03-12 02:23:23,Group 3D,moshu,Example,535211.267605634
2015-03-12 02:26:05,Group 2F,nkshn,Example,657894.736842105
2015-03-12 02:26:07,Group 3D,moshu,Prov 1,796195.652173913
2015-03-12 02:26:09,Group 3D,moshu,Prov 2,768726.079825041
2015-03-12 02:26:11,Group 3D,moshu,System,771480.804387569
2015-03-12 02:26:32,Group 2F,nkshn,Prov 1,824324.324324324
2015-03-12 02:26:34,Group 2F,nkshn,Prov 2,797202.797202797
2015-03-12 02:26:36,Group 2F,nkshn,System,808608.058608059
2015-03-12 02:42:18,Group 2F,nkshn,Example,359550.561797753
2015-03-12 02:42:22,Group 2E,dimkadimon,Prov 1,825998.645903859
2015-03-12 02:42:24,Group 2E,dimkadimon,Prov 2,800658.978583196
2015-03-12 02:42:26,Group 2E,dimkadimon,System,793650.793650793
2015-03-12 02:43:08,Group 2F,nkshn,Prov 1,582869.855394883
2015-03-12 02:43:10,Group 2F,nkshn,Prov 2,616195.495927168
2015-03-12 02:43:13,Group 2F,nkshn,System,603508.771929824
2015-03-12 02:57:58,Group 1H,brev,Prov 1,808943.089430894
2015-03-12 02:58:00,Group 1H,brev,Prov 2,790322.580645161
2015-03-12 02:58:02,Group 1H,brev,System,800738.007380074
2015-03-12 03:40:59,Group 3C,megaterik,Prov 1,823061.630218688
2015-03-12 03:41:01,Group 3C,megaterik,Prov 2,805376.344086022
2015-03-12 03:41:03,Group 3C,megaterik,System,801094.890510949
2015-03-12 03:42:48,Group 2D,Breusov,Prov 1,820338.983050847
2015-03-12 03:42:50,Group 2D,Breusov,Prov 2,802801.724137931
2015-03-12 03:42:52,Group 2D,Breusov,System,813932.172318973
2015-03-12 03:43:38,Group 1C,cyril.v,Prov 1,833220.796758947
2015-03-12 03:43:40,Group 1C,cyril.v,Prov 2,809625.668449198
2015-03-12 03:43:42,Group 1C,cyril.v,System,811259.806183664
2015-03-12 04:27:12,Group 1H,brev,Prov 1,815718.157181572
2015-03-12 04:27:14,Group 1H,brev,Prov 2,798066.595059076
2015-03-12 04:27:16,Group 1H,brev,System,806660.499537465
2015-03-12 04:36:42,Group 1H,haveri,Prov 1,818610.923803102
2015-03-12 04:36:44,Group 1H,haveri,Prov 2,789644.012944984
2015-03-12 04:36:47,Group 1H,haveri,System,802953.391785879
2015-03-12 04:50:31,Group 1C,WTrei,Prov 1,818300.653594771
2015-03-12 04:50:33,Group 1C,WTrei,Prov 2,809424.083769634
2015-03-12 04:50:35,Group 1C,WTrei,System,801082.543978349
2015-03-12 05:25:33,Group 1B,cxz2004,Example,627906.976744186
2015-03-12 05:26:36,Group 1B,cxz2004,Prov 1,775223.49936143
2015-03-12 05:26:38,Group 1B,cxz2004,Prov 2,781704.781704782
2015-03-12 05:26:40,Group 1B,cxz2004,System,776014.109347443
2015-03-12 05:31:47,Group 1C,WTrei,Prov 1,789548.02259887
2015-03-12 05:31:49,Group 1C,WTrei,Prov 2,787913.340935006
2015-03-12 05:31:51,Group 1C,WTrei,System,791166.586653865
2015-03-12 05:34:24,Group 1E,all_random,Prov 1,814411.964649898
2015-03-12 05:34:27,Group 1E,all_random,Prov 2,795687.331536388
2015-03-12 05:34:29,Group 1E,all_random,System,792592.592592592
2015-03-12 05:36:38,Group 3F,wsobolewski,Prov 1,814411.964649898
2015-03-12 05:36:41,Group 3F,wsobolewski,Prov 2,795687.331536388
2015-03-12 05:36:43,Group 3F,wsobolewski,System,802771.362586605
2015-03-12 05:37:45,Group 2F,nkshn,Example,666666.666666667
2015-03-12 05:38:17,Group 2F,nkshn,Prov 1,790631.653655075
2015-03-12 05:38:19,Group 2F,nkshn,Prov 2,788091.068301226
2015-03-12 05:38:21,Group 2F,nkshn,System,788813.886210222
2015-03-12 05:43:48,Group 2D,Breusov,Prov 1,673031.026252983
2015-03-12 05:43:50,Group 2D,Breusov,Prov 2,649497.487437186
2015-03-12 05:43:52,Group 2D,Breusov,System,711812.627291242
2015-03-12 05:49:14,Group 1H,haveri,Prov 1,809782.608695652
2015-03-12 05:49:16,Group 1H,haveri,Prov 2,790296.495956873
2015-03-12 05:49:18,Group 1H,haveri,System,802378.774016468
2015-03-12 05:55:25,Group 1E,all_random,Prov 1,809557.273366128
2015-03-12 05:55:27,Group 1E,all_random,Prov 2,773972.602739726
2015-03-12 05:55:29,Group 1E,all_random,System,778147.268408551
2015-03-12 06:10:44,Group 1E,all_random,Prov 1,809004.092769441
2015-03-12 06:10:46,Group 1E,all_random,Prov 2,783369.803063457
2015-03-12 06:10:48,Group 1E,all_random,System,784530.386740331
2015-03-12 06:12:52,Group 3D,lipsum,Example,623376.623376623
2015-03-12 06:13:13,Group 3D,lipsum,Prov 1,812415.654520918
2015-03-12 06:13:15,Group 3D,lipsum,Prov 2,787553.64806867
2015-03-12 06:13:17,Group 3D,lipsum,System,793418.647166362
2015-03-12 06:16:08,Group 1C,WTrei,Prov 1,817275.747508306
2015-03-12 06:16:10,Group 1C,WTrei,Prov 2,801278.636121471
2015-03-12 06:16:13,Group 1C,WTrei,System,795600.366636114
2015-03-12 06:31:13,Group 1E,all_random,Prov 1,819538.670284939
2015-03-12 06:31:15,Group 1E,all_random,Prov 2,799354.491662184
2015-03-12 06:31:17,Group 1E,all_random,System,802571.16620753
2015-03-12 07:16:09,Group 1H,haveri,Prov 1,806191.117092867
2015-03-12 07:16:11,Group 1H,haveri,Prov 2,777717.685235262
2015-03-12 07:16:13,Group 1H,haveri,System,780802.953391786
2015-03-12 07:18:50,Group 2D,Breusov,Prov 1,814314.652261985
2015-03-12 07:18:53,Group 2D,Breusov,Prov 2,789671.866594943
2015-03-12 07:18:55,Group 2D,Breusov,System,803695.150115473
2015-03-12 07:22:18,Group 1H,haveri,Prov 1,814111.261872456
2015-03-12 07:22:20,Group 1H,haveri,Prov 2,798283.261802575
2015-03-12 07:22:23,Group 1H,haveri,System,802030.456852792
2015-03-12 07:23:46,Group 1E,all_random,Prov 1,825288.919102651
2015-03-12 07:23:48,Group 1E,all_random,Prov 2,792057.363485935
2015-03-12 07:23:50,Group 1E,all_random,System,787224.048849225
2015-03-12 07:38:29,Group 1C,WTrei,Prov 1,753117.206982544
2015-03-12 07:38:31,Group 1C,WTrei,Prov 2,759363.776295536
2015-03-12 07:38:34,Group 1C,WTrei,System,762402.088772846
2015-03-12 07:39:32,Group 2D,Breusov,Prov 1,808163.265306122
2015-03-12 07:39:34,Group 2D,Breusov,Prov 2,788440.567066521
2015-03-12 07:39:36,Group 2D,Breusov,System,803142.329020333
2015-03-12 07:42:12,Group 3C,megaterik,Prov 1,823061.630218688
2015-03-12 07:42:14,Group 3C,megaterik,Prov 2,805376.344086022
2015-03-12 07:42:16,Group 3C,megaterik,System,801094.890510949
