<?xml version="1.0" encoding="iso-8859-1"?>
<banner-configuration>
  <banner>
    <eval>
      <datasetName>banner.eval.dataset.AZDCDataset</datasetName>
      <dataset>
        <sentenceFilename>***PATH***/AZDC_6-26-2009.txt</sentenceFilename>
        <mentionTestFilename>***PATH***/AZDC_6-26-2009.txt</mentionTestFilename>
      </dataset>
      <idInputFilename>output/ids_DICT.txt</idInputFilename>
      <rawInputFilename>output/raw_DICT.txt</rawInputFilename>
      <trainingInputFilename>output/training_DICT.txt</trainingInputFilename>
      <outputFilename>output/output_DICT.txt</outputFilename>
      <inContextAnalysisFilename>output/contextAnalysis_DICT.html</inContextAnalysisFilename>
      <mentionFilename>output/mention_DICT.txt</mentionFilename>
      <tokenizer>banner.tokenization.SimpleTokenizer</tokenizer>
      <useParenthesisPostProcessing>true</useParenthesisPostProcessing>
      <useLocalAbbreviationPostProcessing>true</useLocalAbbreviationPostProcessing>
      <tagFormat>IOB</tagFormat>
      <dictionaryTagger>banner.tagging.dictionary.UMLSMetathesaurusDictionaryTagger</dictionaryTagger>
    </eval>
    <tagging>
      <dictionary>
        <UMLSMetathesaurusDictionaryTagger>
          <filterContainedMentions>true</filterContainedMentions>
          <normalizeMixedCase>true</normalizeMixedCase>
          <normalizeDigits>true</normalizeDigits>
          <canonize>true</canonize>
          <generate2PartVariations>true</generate2PartVariations>
          <dropEndParentheticals>false</dropEndParentheticals>
          <semanticTypesFile>***PATH***/2008AA/META/MRSTY.RRF</semanticTypesFile>
          <conceptNamesFile>***PATH***/2008AA/META/MRCONSO.RRF</conceptNamesFile>
          <allowedLang>ENG</allowedLang>
          <allowedSupp>N</allowedSupp>
          <types>
            <name>Disease or Syndrome</name>
            <name>Neoplastic Process</name>
            <name>Congenital Abnormality</name>
            <name>Mental or Behavioral Dysfunction</name>
            <name>Experimental Model of Disease</name>
            <name>Acquired Abnormality</name>
            <name>Anatomical Abnormality</name>
            <name>Injury or Poisoning</name>
            <mapTo>DISE</mapTo>
          </types>
        </UMLSMetathesaurusDictionaryTagger>
      </dictionary>
    </tagging>
  </banner>
</banner-configuration>
