<?xml version="1.0" encoding="iso-8859-1"?>
<banner-configuration>
  <banner>
    <eval>
      <datasetName>banner.eval.dataset.AZDCDataset</datasetName>
      <dataset>
        <sentenceFilename>***PATH***/AZDC_6-26-2009.txt</sentenceFilename>
        <mentionTestFilename>***PATH***/AZ/AZDC_6-26-2009.txt</mentionTestFilename>
      </dataset>
      <idInputFilename>output/ids.txt</idInputFilename>
      <rawInputFilename>output/raw.txt</rawInputFilename>
      <trainingInputFilename>output/training.txt</trainingInputFilename>
      <outputFilename>output/output.txt</outputFilename>
      <inContextAnalysisFilename>output/contextAnalysis.html</inContextAnalysisFilename>
      <mentionFilename>output/mention.txt</mentionFilename>
      <modelFilename>output/model_AZDC.bin</modelFilename>
      <lemmatiserDataDirectory>nlpdata/lemmatiser</lemmatiserDataDirectory>
      <posTaggerDataDirectory>nlpdata/tagger</posTaggerDataDirectory>
      <posTagger>dragon.nlp.tool.HeppleTagger</posTagger>
      <tokenizer>banner.tokenization.SimpleTokenizer</tokenizer>
      <useParenthesisPostProcessing>true</useParenthesisPostProcessing>
      <useLocalAbbreviationPostProcessing>true</useLocalAbbreviationPostProcessing>
      <useNumericNormalization>true</useNumericNormalization>
      <tagFormat>IOB</tagFormat>
      <crfOrder>1</crfOrder>
      <textDirection>Forward</textDirection>
      <mentionTypes>Required</mentionTypes>
      <sameTypeOverlapOption>Union</sameTypeOverlapOption>
      <differentTypeOverlapOption>Exception</differentTypeOverlapOption>
      <dictionaryTagger>banner.tagging.dictionary.UMLSMetathesaurusDictionaryTagger</dictionaryTagger>
    </eval>
    <tagging>
      <dictionary>
        <UMLSMetathesaurusDictionaryTagger>
          <filterContainedMentions>true</filterContainedMentions>
          <normalizeMixedCase>true</normalizeMixedCase>
          <normalizeDigits>true</normalizeDigits>
          <canonize>true</canonize>
          <generate2PartVariations>true</generate2PartVariations>
          <semanticTypesFile>***PATH***/2008AA/META/MRSTY.RRF</semanticTypesFile>
          <conceptNamesFile>***PATH***/2008AA/META/MRCONSO.RRF</conceptNamesFile>
          <allowedLang>ENG</allowedLang>
          <allowedSupp>N</allowedSupp>
          <types>
            <name>Disease or Syndrome</name>
            <name>Neoplastic Process</name>
            <name>Congenital Abnormality</name>
            <name>Mental or Behavioral Dysfunction</name>
            <name>Experimental Model of Disease</name>
            <name>Acquired Abnormality</name>
            <name>Injury or Poisoning</name>
            <name>Pathologic Function</name>
            <name>Cell or Molecular Dysfunction</name>
            <name>Anatomical Abnormality</name>
            <mapTo>DISE</mapTo>
          </types>
        </UMLSMetathesaurusDictionaryTagger>
      </dictionary>
    </tagging>
  </banner>
</banner-configuration>
