<?xml version="1.0" encoding="iso-8859-1"?>
<banner-configuration>
  <banner>
    <eval>
      <datasetName>banner.eval.dataset.BioCDataset</datasetName>
      <dataset>
        <filename>data/ncbi_train_bioc.xml</filename>
        <foldType>Disease</foldType>
      </dataset>
      <idInputFilename>output/ids.txt</idInputFilename>
      <rawInputFilename>output/raw.txt</rawInputFilename>
      <trainingInputFilename>output/train.txt</trainingInputFilename>
      <outputFilename>output/output.txt</outputFilename>
      <inContextAnalysisFilename>output/contextAnalysis.html</inContextAnalysisFilename>
      <mentionFilename>output/mention.txt</mentionFilename>
      <modelFilename>output/model_bioc_TRAIN.bin</modelFilename>
      <lemmatiserDataDirectory>nlpdata/lemmatiser</lemmatiserDataDirectory>
      <posTaggerDataDirectory>nlpdata/tagger</posTaggerDataDirectory>
      <posTagger>dragon.nlp.tool.HeppleTagger</posTagger>
      <tokenizer>banner.tokenization.SimpleTokenizer</tokenizer>
      <useParenthesisPostProcessing>true</useParenthesisPostProcessing>
      <useLocalAbbreviationPostProcessing>true</useLocalAbbreviationPostProcessing>
      <useNumericNormalization>true</useNumericNormalization>
      <tagFormat>IOB</tagFormat>
      <crfOrder>1</crfOrder>
      <textDirection>Forward</textDirection>
      <mentionTypes>Required</mentionTypes>
      <sameTypeOverlapOption>Union</sameTypeOverlapOption>
      <differentTypeOverlapOption>Exception</differentTypeOverlapOption>
      <dictionaryTagger>banner.tagging.dictionary.UMLSMetathesaurusDictionaryTagger_2013AA</dictionaryTagger>
    </eval>

    <tagging>
      <dictionary>
        <UMLSMetathesaurusDictionaryTagger_2013AA>
          <filterContainedMentions>true</filterContainedMentions>
          <normalizeMixedCase>true</normalizeMixedCase>
          <normalizeDigits>true</normalizeDigits>
          <generate2PartVariations>true</generate2PartVariations>
          <dropEndParentheticals>false</dropEndParentheticals>
          <stemTokens>false</stemTokens>
          <dirWithMRSTY>/home/egor/data/mmsys_2015/config/2014AB</dirWithMRSTY>
          <dirWithMRCONSO>/home/egor/data/mmsys_2015/config/2014AB</dirWithMRCONSO>
          <allowedLang>ENG</allowedLang>
          <allowedSupp>N</allowedSupp>
          <types>
            <name>T019</name>
            <name>T020</name>
            <name>T037</name>
            <name>T046</name>
            <name>T047</name>
            <name>T048</name>
            <name>T049</name>
            <name>T050</name>
            <name>T190</name>
            <name>T191</name>
            <mapTo>DISE</mapTo>
          </types>
        </UMLSMetathesaurusDictionaryTagger_2013AA>
      </dictionary>
    </tagging>
  </banner>
</banner-configuration>
