<?xml version="1.0" encoding="UTF-8"?>
<project xmlns="http://www.netbeans.org/ns/project/1">
    <type>org.netbeans.modules.ant.freeform</type>
    <configuration>
        <general-data xmlns="http://www.netbeans.org/ns/freeform-project/1">
            <!-- Do not use Project Properties customizer when editing this file manually. 
 To prevent the customizer from showing, create nbproject/project.properties file and enter 
auxiliary.show.customizer=false 
property there. Adding 
auxiliary.show.customizer.message=<message>
 will show your customized message when someone attempts to open the customizer.  -->
            <name>banner</name>
            <properties/>
            <folders>
                <source-folder>
                    <label>src</label>
                    <type>java</type>
                    <location>src</location>
                </source-folder>
            </folders>
            <ide-actions>
                <action name="build">
                    <target>compile</target>
                </action>
            </ide-actions>
            <export>
                <type>jar</type>
                <location>lib/banner.jar</location>
                <build-target>compile</build-target>
            </export>
            <export>
                <type>jar</type>
                <location>lib/bioc.jar</location>
                <build-target>compile</build-target>
            </export>
            <export>
                <type>jar</type>
                <location>lib/commons-collections-3.2.1.jar</location>
                <build-target>compile</build-target>
            </export>
            <export>
                <type>jar</type>
                <location>lib/commons-configuration-1.6.jar</location>
                <build-target>compile</build-target>
            </export>
            <export>
                <type>jar</type>
                <location>lib/commons-lang-2.4.jar</location>
                <build-target>compile</build-target>
            </export>
            <export>
                <type>jar</type>
                <location>lib/commons-logging-1.1.1.jar</location>
                <build-target>compile</build-target>
            </export>
            <export>
                <type>jar</type>
                <location>lib/dragontool.jar</location>
                <build-target>compile</build-target>
            </export>
            <export>
                <type>jar</type>
                <location>lib/heptag.jar</location>
                <build-target>compile</build-target>
            </export>
            <export>
                <type>jar</type>
                <location>lib/mallet-deps.jar</location>
                <build-target>compile</build-target>
            </export>
            <export>
                <type>jar</type>
                <location>lib/mallet.jar</location>
                <build-target>compile</build-target>
            </export>
            <export>
                <type>jar</type>
                <location>lib/stax-utils.jar</location>
                <build-target>compile</build-target>
            </export>
            <export>
                <type>jar</type>
                <location>lib/stax2-api-3.1.1.jar</location>
                <build-target>compile</build-target>
            </export>
            <export>
                <type>jar</type>
                <location>lib/trove-3.0.3.jar</location>
                <build-target>compile</build-target>
            </export>
            <export>
                <type>jar</type>
                <location>lib/woodstox-core-asl-4.2.0.jar</location>
                <build-target>compile</build-target>
            </export>
            <export>
                <type>jar</type>
                <location>lib/uima/uima-adapter-soap.jar</location>
                <build-target>compile</build-target>
            </export>
            <export>
                <type>jar</type>
                <location>lib/uima/uima-adapter-vinci.jar</location>
                <build-target>compile</build-target>
            </export>
            <export>
                <type>jar</type>
                <location>lib/uima/uima-core.jar</location>
                <build-target>compile</build-target>
            </export>
            <export>
                <type>jar</type>
                <location>lib/uima/uima-cpe.jar</location>
                <build-target>compile</build-target>
            </export>
            <export>
                <type>jar</type>
                <location>lib/uima/uima-document-annotation.jar</location>
                <build-target>compile</build-target>
            </export>
            <export>
                <type>jar</type>
                <location>lib/uima/uima-examples.jar</location>
                <build-target>compile</build-target>
            </export>
            <export>
                <type>jar</type>
                <location>lib/uima/uima-tools.jar</location>
                <build-target>compile</build-target>
            </export>
            <view>
                <items>
                    <source-folder style="packages">
                        <label>src</label>
                        <location>src</location>
                    </source-folder>
                    <source-file>
                        <location>build.xml</location>
                    </source-file>
                </items>
                <context-menu>
                    <ide-action name="build"/>
                </context-menu>
            </view>
            <subprojects/>
        </general-data>
        <java-data xmlns="http://www.netbeans.org/ns/freeform-project-java/3">
            <compilation-unit>
                <package-root>src</package-root>
                <built-to>lib/banner.jar</built-to>
                <built-to>lib/bioc.jar</built-to>
                <built-to>lib/commons-collections-3.2.1.jar</built-to>
                <built-to>lib/commons-configuration-1.6.jar</built-to>
                <built-to>lib/commons-lang-2.4.jar</built-to>
                <built-to>lib/commons-logging-1.1.1.jar</built-to>
                <built-to>lib/dragontool.jar</built-to>
                <built-to>lib/heptag.jar</built-to>
                <built-to>lib/mallet-deps.jar</built-to>
                <built-to>lib/mallet.jar</built-to>
                <built-to>lib/stax-utils.jar</built-to>
                <built-to>lib/stax2-api-3.1.1.jar</built-to>
                <built-to>lib/trove-3.0.3.jar</built-to>
                <built-to>lib/woodstox-core-asl-4.2.0.jar</built-to>
                <built-to>lib/uima/uima-adapter-soap.jar</built-to>
                <built-to>lib/uima/uima-adapter-vinci.jar</built-to>
                <built-to>lib/uima/uima-core.jar</built-to>
                <built-to>lib/uima/uima-cpe.jar</built-to>
                <built-to>lib/uima/uima-document-annotation.jar</built-to>
                <built-to>lib/uima/uima-examples.jar</built-to>
                <built-to>lib/uima/uima-tools.jar</built-to>
                <source-level>1.6</source-level>
            </compilation-unit>
        </java-data>
    </configuration>
</project>
