Handle,Rating,MM Count,Avg Rank,Avg Submissions,Best Rank,Num Wins,Num Top 5,Num Top 10,Rank,Percentile,Volatility,Low Rating,High Rating,Country Rank,Last Round,Last Round Date,Num Ranked,Num Country Ranked,School Rank,Num School Ranked
zhengqiang,1380,10,101,7.75,9,0,0,1,,,271,1003,1380,,HMS Challenge #2,3/8/2012,279,0,,0
xhae,1063,1,119,2,119,0,0,0,,,304,1063,1063,,Marathon Match 82,12/6/2013,279,0,,0
m_dz,1015,2,272,5,185,0,0,0,,,312,949,1015,,TCO13 Round 1,3/27/2013,279,0,,0
DuXSerbia,1212,3,96,9.333333333,43,0,0,0,,,316,1212,1289,,Marathon Match 82,12/6/2013,279,0,,0
koyumeishi,,,,,,0,0,0,,,,,,,,,279,0,,0
aakinola,,,,,,0,0,0,,,,,,,,,279,0,,0
bluenet,959,12,48.33333333,2,13,0,0,0,214,23.2975,358,959,1173,23,Child Stuntedness 5,2/19/2015,279,26,1,1
dimonica,,,,,,0,0,0,,,,,,,,,279,0,,0
kubapb,1191,5,45.4,24.4,28,0,0,0,130,53.405,332,1060,1345,11,Marathon Match 86,2/23/2015,279,16,,0
_Romka_,1805,6,50.5,6.833333333,14,0,0,0,,,321,1517,1805,,TCO14 Round 2,5/21/2014,279,0,,0
codercat,1410,1,122,5,122,0,0,0,,,385,1410,1410,,ISS Longeron Challenge,1/16/2013,279,0,,0
moriara,,,,,,0,0,0,,,,,,,,,279,0,,0
ascii892,1573,4,33.25,10.75,13,0,0,0,58,79.2115,262,1573,1663,1,Marathon Match 86,2/23/2015,279,5,1,1
Avitella,,,,,,0,0,0,,,,,,,,,279,0,,0
cxz2004,,,,,,0,0,0,,,,,,,,,279,0,,0
mateuszlewko,1413,1,41,6,41,0,0,0,,,385,1413,1413,,Marathon Match 86,2/23/2015,279,0,,0
lejosne,1294,1,18,1,18,0,0,0,101,63.7993,385,1294,1294,10,Facial Emotions,12/9/2014,279,18,,0
harshaneelhg,852,1,52,0,52,0,0,0,236,15.4122,385,852,852,45,Child Stuntedness 5,2/19/2015,279,57,,0
Ritesh_Singh,769,1,101,1,101,0,0,0,,,385,769,769,,Marathon Match 86,2/23/2015,279,0,,0
pedrosorio,1264,7,87.28571429,6.428571429,17,0,0,0,,,311,983,1313,,TCAP 2012,5/16/2012,279,0,,0
petroos,1057,1,24,1,24,0,0,0,168,39.7849,385,1057,1057,13,Facial Emotions,12/9/2014,279,16,,0
Liaksiejka,,,,,,0,0,0,,,,,,,,,279,0,,0
hiro_00,1440,2,38.5,9,15,0,0,0,75,73.1183,324,1440,1536,12,Marathon Match 86,2/23/2015,279,26,,0
zhanghanyuan,,,,,,0,0,0,,,,,,,,,279,0,,0
WTrei,1705,27,31.62962963,18.40740741,4,0,3,6,44,84.2294,360,1234,1705,1,Marathon Match 86,2/23/2015,279,6,1,1
AnandVeeramani,1547,13,39.84615385,15.38461538,3,0,2,3,,,326,1452,1671,,TCO13 Round 3,6/5/2013,279,0,,0
cyril.v,1883,16,36.5,11.5,5,0,3,6,30,89.2473,294,1594,1946,5,Child Stuntedness 5,2/19/2015,279,18,,0
orlovan,1596,1,21,7,21,0,0,0,,,385,1596,1596,,Marathon Match 86,2/23/2015,279,0,,0
yannoj2,,,,,,0,0,0,,,,,,,,,279,0,,0
Psyho,3030,92,22.61956522,21.80434783,1,27,56,64,1,99.6416,364,1527,3071,1,Child Stuntedness 5,2/19/2015,279,16,,0
Mojito1,2322,37,37.54054054,13.91891892,1,2,9,14,10,96.4158,378,1550,2404,2,Child Stuntedness 3,12/4/2014,279,16,,0
Bankevich,853,8,249.125,3,83,0,0,0,235,15.7706,212,853,1177,18,Trip Safety,1/26/2015,279,18,,0
unbing,1121,3,233.6666667,4.666666667,34,0,0,0,,,422,1121,1522,,TCO11 Round 1,4/13/2011,279,0,,0
kit1980,1098,15,64.4,7.2,2,0,1,5,152,45.5197,520,1098,1694,10,Trip Safety,1/26/2015,279,10,,0
alazyrabbit,856,4,160.5,5.5,63,0,0,0,,,560,817,1147,,HMS Challenge #1,1/30/2012,279,0,,0
vss109,,,,,,0,0,0,,,,,,,,,279,0,,0
trylar,,,,,,0,0,0,,,,,,,,,279,0,,0
Taquion,989,1,,0,,0,0,0,201,27.957,385,989,989,1,Child Stuntedness 4,12/23/2014,279,1,,0
jbgeddes3,,,,,,0,0,0,,,,,,,,,279,0,,0
TrePe,1690,34,97.29411765,6.970588235,2,0,1,2,,,228,677,1728,,TCO14 Round 3,6/25/2014,279,0,,0
atmosphere,1394,1,28,4,28,0,0,0,83,70.2509,385,1394,1394,1,Child Stuntedness 5,2/19/2015,279,6,1,1
MIPT_Alex,1758,7,30.71428571,13.85714286,4,0,1,1,38,86.3799,257,1758,1969,2,Trip Safety,1/26/2015,279,18,1,1
Bargash,1089,1,115,4,115,0,0,0,,,385,1089,1089,,MM 12,2/14/2007,279,0,,0
hired777,,,,,,0,0,0,,,,,,,,,279,0,,0
mystic_coder,,,,,,0,0,0,,,,,,,,,279,0,,0
an_ant,755,2,78,0.3333333333,47,0,0,0,,,469,755,1043,,TCO12 Round 2,5/2/2012,279,0,,0
buraksrc,929,2,57.5,6,52,0,0,0,224,19.7133,415,929,1158,1,Child Stuntedness 5,2/19/2015,279,2,,0
yaric_om,1401,4,30.75,22.5,23,0,0,0,81,70.9677,278,1191,1401,5,Child Stuntedness 5,2/19/2015,279,10,,0
Rubanenko,,,,,,0,0,0,,,,,,,,,279,0,,0
yfalah,1484,4,25.75,6.25,15,0,0,0,67,75.9857,385,1328,1597,8,Child Stuntedness 5,2/19/2015,279,18,,0
sakaark,,,,,,0,0,0,,,,,,,,,279,0,,0
Ironhawks,,,,,,0,0,0,,,,,,,,,279,0,,0
all_random,1608,1,17,52,17,0,0,0,55,80.2867,385,1608,1608,1,Trip Safety,1/26/2015,279,4,,0
kpoxa2l,1103,2,30,3,23,0,0,0,151,45.8781,313,1033,1103,13,Child Stuntedness 5,2/19/2015,279,18,,0
Jumping John,1841,14,62.57142857,6.142857143,5,0,1,3,,,296,1734,1928,,TCO11 Round 2,6/1/2011,279,0,,0
haipt81,1449,10,14.4,10.9,1,1,3,5,70,74.9104,276,1369,1449,2,Facial Emotions,12/9/2014,279,4,,0
d_jash,918,20,95.7,3.85,2,0,2,2,,,274,673,943,,Marathon Match,8/11/2014,279,0,,0
RobinWang,,,,,,0,0,0,,,,,,,,,279,0,,0
ecv,1927,55,26.36363636,7.054545455,1,5,13,24,,,391,1365,2465,,TCO14 Round 3,6/25/2014,279,0,,0
net_buster,1152,23,152.2608696,4.043478261,9,0,0,1,139,50.1792,242,834,1152,12,Active Molecules,12/29/2014,279,16,,0
Nil_ct,1365,33,94.12121212,8.454545455,9,0,0,1,,,232,901,1469,,TCO13 Round 3,6/5/2013,279,0,,0
ksma,1228,16,90.6875,6.0625,16,0,0,0,,,447,1228,1660,,TCO14 Round 1,4/9/2014,279,0,,0
Infinity.,1472,3,149.6666667,2.666666667,16,0,0,0,,,563,889,1472,,TCO14 Round 3,6/25/2014,279,0,,0
V[i]ctor,681,2,96.5,0.5,76,0,0,0,,,408,681,902,,MM 47,12/31/2008,279,0,,0
zizo0003,774,19,108.5263158,2,18,0,0,0,,,304,703,1284,,TCO14 Round 3,6/25/2014,279,0,,0
sabbathist,,,44,14,44,0,0,0,,,,,,,,,279,0,,0
madbn,1442,1,20,6,20,0,0,0,73,73.8351,385,1442,1442,1,Child Stuntedness 3,12/4/2014,279,4,,0
PaxosMyth,,,,,,0,0,0,,,,,,,,,279,0,,0
alinionut.popa,,,,,,0,0,0,,,,,,,,,279,0,,0
SePulTribe,1192,1,65.5,1,62,0,0,0,,,385,1192,1192,,MM 8,12/6/2006,279,0,,0
halyavin,1961,39,39.95238095,3.476190476,1,3,6,14,,,247,1572,2106,,GWASSpeedup,4/24/2013,279,0,,0
mln,1181,4,109.6666667,2.5,30,0,0,0,131,53.0466,349,906,1181,1,Child Stuntedness 5,2/19/2015,279,2,,0
bohuss,1322,42,118.3809524,4.69047619,3,0,1,1,,,228,889,1391,,TCO14 Round 2,5/21/2014,279,0,,0
vuchko,,,,,,0,0,0,,,,,,,,,279,0,,0
NobuMiu,1720,26,37.15384615,6.346153846,1,1,2,8,42,84.9462,468,1694,2101,7,Child Stuntedness 5,2/19/2015,279,26,,0
caustique,807,3,179.6666667,1.333333333,48,0,0,0,,,319,675,807,,TCO13 Round 2,5/1/2013,279,0,,0
gondzo,658,11,124.7272727,1.727272727,17,0,0,0,,,275,585,1087,,EPA ToxCast Challenge,4/23/2014,279,0,,0
sohel_uoa,1024,1,59,2,59,0,0,0,,,385,1024,1024,,Marathon Match,8/11/2014,279,0,,0
bdepwgjqet,,,,,,0,0,0,,,,,,,,,279,0,,0
marshmallow,1750,8,38.375,8.125,7,0,0,1,39,86.0215,221,1539,1776,1,Child Stuntedness 4,12/23/2014,279,4,1,1
Vetteru,,,,,,0,0,0,,,,,,,,,279,0,,0
windhunterSB,,,,,,0,0,0,,,,,,,,,279,0,,0
jonathanps,1521,7,21.42857143,10.28571429,4,0,2,3,63,77.4194,320,1459,1801,3,Child Stuntedness 5,2/19/2015,279,57,1,1
ltda,,,,,,0,0,0,,,,,,,,,279,0,,0
Sord,1505,25,102.44,4.4,2,0,2,3,,,336,1245,1611,,TCO13 Round 2,5/1/2013,279,0,,0
smudge,1308,28,121.1785714,3.75,5,0,1,2,,,425,806,1311,,Marathon Match,8/11/2014,279,0,,0
brev,1923,59,61.6779661,12.76271186,3,0,2,7,28,89.9642,214,1232,1931,3,Child Stuntedness 5,2/19/2015,279,10,,0
defh,904,9,155.6666667,14.88888889,2,0,1,1,,,391,709,1067,,Marathon Match 66,10/27/2010,279,0,,0
VArt,,,,,,0,0,0,,,,,,,,,279,0,,0
Fdg,800,1,413,1,413,0,0,0,,,385,800,800,,TCO10 Round 1,5/19/2010,279,0,,0
zhanyi658657,2016,11,9.818181818,11.63636364,3,0,2,6,21,92.4731,269,1864,2136,3,Child Stuntedness 5,2/19/2015,279,26,1,1
feather,992,3,97,3.333333333,45,0,0,0,,,410,843,1080,,TCO14 Round 2,5/21/2014,279,0,,0
sas4eka,1200,15,86.93333333,4.466666667,11,0,0,0,,,271,1200,1392,,Marathon Match 86,2/23/2015,279,0,,0
sampathkumarv,933,1,210,3,210,0,0,0,,,385,933,933,,Marathon Match 74,10/24/2011,279,0,,0
didi_baga,1038,15,87.93333333,5.333333333,19,0,0,0,182,34.767,215,914,1054,2,Trip Safety,1/26/2015,279,2,,0
haveri,1365,9,114,2.666666667,43,0,0,0,,,171,1355,1474,,TCO14 Round 3,6/25/2014,279,0,,0
codeshubh,,,,,,0,0,0,,,,,,,,,279,0,,0
dilip.thapa,,,,,,0,0,0,,,,,,,,,279,0,,0
chandan047,1105,4,36,1.75,22,0,0,0,150,46.2366,305,1011,1122,3,Trip Safety,1/26/2015,279,13,1,1
Nickolas,1542,16,92.125,5.125,4,0,1,2,,,248,964,1542,,Marathon Match 59,4/14/2010,279,0,,0
Mimino,1958,36,32.38888889,8.777777778,1,1,4,10,,,342,1447,2181,,Marathon Match 86,2/23/2015,279,0,,0
Kenny_HORROR,1481,6,124.3333333,14,12,0,0,0,,,246,1200,1481,,TCO11 Round 3,6/29/2011,279,0,,0
a9108tc,1805,19,43.94736842,8.684210526,2,0,4,7,35,87.4552,563,779,1845,7,Trip Safety,1/26/2015,279,26,1,3
daviduarte,1163,4,103.25,3,28,0,0,0,,,395,883,1163,,Marathon Match 82,12/6/2013,279,0,,0
blu3fox,,,,,,0,0,0,,,,,,,,,279,0,,0
omegayu,920,2,63,1.5,41,0,0,0,227,18.638,347,781,920,1,Child Stuntedness 5,2/19/2015,279,1,,0
Euniceadu,,,,,,0,0,0,,,,,,,,,279,0,,0
onjanirina,1006,13,88,3.461538462,7,0,0,1,194,30.4659,168,1006,1201,1,Marathon Match 86,2/23/2015,279,1,,0
Rajpurohit,,,,,,0,0,0,,,,,,,,,279,0,,0
ainu7,2774,32,31.15625,19.90625,1,5,16,23,2,99.2832,317,795,2828,1,2014 TCO Final,11/17/2014,279,3,,0
rst9288,,,,,,0,0,0,,,,,,,,,279,0,,0
fujiyama,1610,9,67,2,4,0,1,1,,,281,1609,1728,,TCO10 Round 2,6/23/2010,279,0,,0
xiaoruby,,,,,,0,0,0,,,,,,,,,279,0,,0
fugusuki,1626,6,16,9.166666667,6,0,0,2,51,81.7204,227,1538,1693,9,Active Molecules,12/29/2014,279,26,,0
Matt_sjtu,916,10,52.2,12.3,17,0,0,0,229,17.9211,472,649,1193,24,Child Stuntedness 5,2/19/2015,279,26,1,1
osev,,,,,,0,0,0,,,,,,,,,279,0,,0
chengweichi,,,,,,0,0,0,,,,,,,,,279,0,,0
kazunetakahashi,1247,1,38,3,38,0,0,0,117,58.0645,385,1247,1247,15,Child Stuntedness 5,2/19/2015,279,26,2,3
omu,1217,1,40,5,40,0,0,0,121,56.6308,385,1217,1217,16,Child Stuntedness 5,2/19/2015,279,26,,0
Chikov2,669,6,331.1666667,5.666666667,220,0,0,0,,,348,669,1191,,TCO14 Round 1,4/9/2014,279,0,,0
tanzaku,1132,29,98.10344828,5.172413793,12,0,0,0,145,48.0287,498,793,1415,17,Trip Safety,1/26/2015,279,26,,0
goldfinch,1826,25,71.16,3.84,9,0,0,2,,,380,1466,1996,,TCO14 Round 3,6/25/2014,279,0,,0
nroeth,1379,4,67.25,2,20,0,0,0,84,69.8925,268,1324,1507,9,Trip Safety,1/26/2015,279,57,,0
yangzhe1991,897,6,93.66666667,2.666666667,43,0,0,0,,,227,855,968,,TCO12 Round 3,5/30/2012,279,0,,0
TwCoder,,,,,,0,0,0,,,,,,,,,279,0,,0
al_gol,1173,5,129.2,4,47,0,0,0,,,346,793,1173,,OctaveClassifier,2/14/2014,279,0,,0
nic.lim55,973,2,61.5,7,43,0,0,0,209,25.0896,402,760,973,3,Trip Safety,1/26/2015,279,4,,0
cheaps,1180,3,53.66666667,7.666666667,26,0,0,0,132,52.6882,494,1048,1417,17,Marathon Match 86,2/23/2015,279,57,,0
soybean,,,,,,0,0,0,,,,,,,,,279,0,,0
ahoenig,1314,3,70.33333333,5.333333333,28,0,0,0,96,65.5914,288,1227,1356,10,Marathon Match 86,2/23/2015,279,57,,0
Breusov,1754,31,93.87096774,5.838709677,8,0,0,1,36,87.0968,259,1025,1807,4,Design of Experiments Challeng,10/17/2014,279,10,1,1
ichattopadhyaya,1445,17,74.11764706,12.47058824,1,1,1,1,,,297,1206,1488,,TCO14 Round 3,6/25/2014,279,0,,0
ichyo,1333,8,87.875,3.375,18,0,0,0,93,66.6667,291,1181,1333,13,Child Stuntedness 5,2/19/2015,279,26,1,2
Cannon,843,9,102.4444444,3.888888889,18,0,0,0,,,303,843,1134,,Marathon Match 86,2/23/2015,279,0,,0
antoshkaplus,1297,8,116.125,8.5,56,0,0,0,,,331,1057,1402,,TCO14 Round 3,6/25/2014,279,0,,0
miguel_clean,1492,4,45,8,16,0,0,0,66,76.3441,279,1336,1492,7,Marathon Match 86,2/23/2015,279,16,,0
Zimuk,1340,2,43,6,19,0,0,0,91,67.3835,428,1097,1340,7,Child Stuntedness 5,2/19/2015,279,18,,0
adk90,,,,,,0,0,0,,,,,,,,,279,0,,0
eofsentinel,,,,,,0,0,0,,,,,,,,,279,0,,0
dimkadimon,1766,14,46.28571429,16.5,7,0,0,2,,,160,1351,1766,,TCO14 Round 3,6/25/2014,279,0,,0
LaguneXXX,,,,,,0,0,0,,,,,,,,,279,0,,0
LOY,1598,18,35.22222222,10.38888889,1,1,3,5,57,79.5699,506,1274,1699,11,Child Stuntedness 5,2/19/2015,279,26,1,1
cant_dance,1812,21,40,7.80952381,1,1,4,6,32,88.5305,404,1688,2065,5,Child Stuntedness 5,2/19/2015,279,16,,0
Lapro,,,,,,0,0,0,,,,,,,,,279,0,,0
Uchigle,1327,16,76.375,3.625,1,1,1,1,,,231,1321,1567,,Marathon Match 86,2/23/2015,279,0,,0
xin135,1330,1,29,3,29,0,0,0,,,385,1330,1330,,Design of Experiments Challeng,10/17/2014,279,0,,0
zaq1xsw2tktk,1924,41,62.31707317,10.14634146,2,0,7,10,27,90.3226,489,572,2043,6,Marathon Match 86,2/23/2015,279,26,1,1
MonicaMuranyi,,,,,,0,0,0,,,,,,,,,279,0,,0
mra,614,1,57,1,57,0,0,0,275,1.4337,385,614,614,2,Child Stuntedness 3,12/4/2014,279,2,,0
eldidou,2633,11,8.818181818,20.90909091,1,3,7,9,5,98.2079,429,1930,2633,1,Marathon Match 86,2/23/2015,279,18,,0
vitux,,,,,,0,0,0,,,,,,,,,279,0,,0
gkeesh7,,,,,,0,0,0,,,,,,,,,279,0,,0
JRSSKumarD,1610,7,16,28.71428571,7,0,0,1,54,80.6452,491,954,1610,1,Child Stuntedness 5,2/19/2015,279,13,,0
marchyoung,1025,1,35,0,35,0,0,0,187,32.9749,385,1025,1025,31,Child Stuntedness 3,12/4/2014,279,57,,0
dhbellol,921,3,117,8.75,1,1,1,1,,,469,921,1209,,TCO09 MM Round 1,2/25/2009,279,0,,0
dexy,1107,1,143,1,143,0,0,0,,,385,1107,1107,,Marathon Match 56,10/1/2009,279,0,,0
kino,1150,13,34,3.923076923,3,0,1,1,,,359,1032,1259,,Marathon Match,8/11/2014,279,0,,0
izhari,1227,32,154.78125,8.25,37,0,0,0,,,285,626,1260,,Marathon Match 86,2/23/2015,279,0,,0
Johan.de.Ruiter,1067,20,147.6315789,3.4,1,1,1,1,,,322,939,1375,,TCO14 Round 3,6/25/2014,279,0,,0
alecn2002,872,57,122.6140351,2.894736842,3,0,2,2,,,289,728,1252,,AlleleClassifier,2/7/2014,279,0,,0
Vardan(RAU),,,,,,0,0,0,,,,,,,,,279,0,,0
sukides,1400,2,40.5,2,20,0,0,0,,,302,1400,1423,,AlleleClassifier,2/7/2014,279,0,,0
nkshn,,,,,,0,0,0,,,,,,,,,279,0,,0
azneye,850,29,90.5,1.103448276,10,0,0,1,241,13.6201,279,680,908,5,Marathon Match 86,2/23/2015,279,6,1,2
martinezgjuan,1565,1,55,19,55,0,0,0,,,385,1565,1565,,TCO13 Round 1,3/27/2013,279,0,,0
SebM,1302,12,91.83333333,7.25,1,1,1,1,100,64.1577,273,1271,1589,9,Marathon Match 86,2/23/2015,279,18,,0
T_I_W_A_R_Y,,,,,,0,0,0,,,,,,,,,279,0,,0
StarCuriosity,,,,,,0,0,0,,,,,,,,,279,0,,0
_Kevin,1088,1,48,3,48,0,0,0,158,43.3692,385,1088,1088,21,Child Stuntedness 5,2/19/2015,279,57,,0
jasonw,,,,,,0,0,0,,,,,,,,,279,0,,0
ivan_metelsky,1711,6,44.33333333,1.666666667,10,0,0,1,,,441,1453,1711,,Marathon Match,8/11/2014,279,0,,0
maniek,1893,36,60,4.894736842,3,0,1,4,,,328,1183,1929,,TCO11 Round 2,6/1/2011,279,0,,0
FCoskun,,,,,,0,0,0,,,,,,,,,279,0,,0
fazam,,,,,,0,0,0,,,,,,,,,279,0,,0
DrWhatsisname,,,,,,0,0,0,,,,,,,,,279,0,,0
jun22,1354,1,45,1,45,0,0,0,,,385,1354,1354,,Marathon Match,8/11/2014,279,0,,0
limed,1937,6,26.5,24.66666667,7,0,0,2,,,265,1516,1942,,Marathon Match 86,2/23/2015,279,0,,0
tbell,1418,1,23,3,23,0,0,0,,,385,1418,1418,,Asteroid Data Hunter MM 1,4/18/2014,279,0,,0
toshif,,,,,,0,0,0,,,,,,,,,279,0,,0
YDesai,996,3,53.33333333,1.333333333,25,0,0,0,197,29.3907,254,966,999,35,Marathon Match 86,2/23/2015,279,57,,0
xsymphonyx,1083,3,67.33333333,5.666666667,24,0,0,0,159,43.0108,357,923,1083,14,Trip Safety,1/26/2015,279,18,,0
defatigue,,,,,,0,0,0,,,,,,,,,279,0,,0
sasikanth9,,,,,,0,0,0,,,,,,,,,279,0,,0
martin.trojak,1469,1,27,4,27,0,0,0,68,75.6272,385,1469,1469,2,Active Molecules,12/29/2014,279,2,,0
marek.cygan,2276,16,45.625,11.5,2,0,4,7,14,94.9821,501,1505,2276,3,Marathon Match 86,2/23/2015,279,16,,0
vaa2804,1171,4,80.25,6.5,43,0,0,0,133,52.3298,253,1171,1229,10,Child Stuntedness 5,2/19/2015,279,18,,0
baseballnut,991,74,93.67567568,6.864864865,3,0,1,1,,,253,920,1341,,Marathon Match 86,2/23/2015,279,0,,0
ashersyed,742,11,230.7272727,4.818181818,3,0,1,1,,,239,728,1002,,ISS Longeron Challenge,1/16/2013,279,0,,0
pooya_,1607,5,82,4.2,18,0,0,0,,,291,1607,1703,,TCO13 Round 1,3/27/2013,279,0,,0
rrr_guru,1042,17,111,4.705882353,2,0,1,1,180,35.4839,255,842,1049,14,Trip Safety,1/26/2015,279,16,,0
RRx,1427,4,83,4.75,4,0,1,1,,,512,1427,1870,,TCO14 Round 3,6/25/2014,279,0,,0
ty70,1082,13,88.84615385,6.307692308,22,0,0,0,160,42.6523,150,962,1109,20,Child Stuntedness 5,2/19/2015,279,26,,0
wzyxp_123,1293,9,23.75,12.66666667,6,0,0,1,102,63.4409,279,1293,1648,14,Child Stuntedness 4,12/23/2014,279,26,1,1
kyerise,593,6,94,2.333333333,46,0,0,0,276,1.0753,292,593,843,1,Design of Experiments Challeng,10/17/2014,279,1,,0
tri_code,967,1,37,1,37,0,0,0,,,385,967,967,,GWASSpeedup,4/24/2013,279,0,,0
haraduka,,,,,,0,0,0,,,,,,,,,279,0,,0
ISMAX,829,4,59.75,7.5,35,0,0,0,243,12.9032,348,829,1169,15,Marathon Match 86,2/23/2015,279,18,,0
Seip_meginu,1229,1,55,2,55,0,0,0,119,57.3477,385,1229,1229,1,Trip Safety,1/26/2015,279,3,,0
ribeiro,769,1,101,1,101,0,0,0,,,385,769,769,,Marathon Match 86,2/23/2015,279,0,,0
danbanica,1414,5,89.66666667,4.5,28,0,0,0,,,310,1297,1464,,TCO13 Round 2,5/1/2013,279,0,,0
mcw1142,971,30,124.0333333,2.5,2,0,1,1,,,330,792,1353,,TCO14 Round 2,5/21/2014,279,0,,0
ll931110,1141,1,60,6,60,0,0,0,142,49.1039,385,1141,1141,3,Active Molecules,12/29/2014,279,4,1,1
Nfcj000,,,,,,0,0,0,,,,,,,,,279,0,,0
cup_of_tea,667,10,162.9,1.9,28,0,0,0,,,172,571,891,,TCO14 Round 3,6/25/2014,279,0,,0
elder1g,2308,22,7.454545455,12.68181818,1,3,11,18,12,95.6989,350,1632,2308,1,Active Molecules,12/29/2014,279,4,,0
neo.subrata,911,8,155.75,3.25,22,0,0,0,,,305,732,971,,Marathon Match,8/11/2014,279,0,,0
Orisano,,,,,,0,0,0,,,,,,,,,279,0,,0
shivamsihare,,,,,,0,0,0,,,,,,,,,279,0,,0
neotheicebird,1194,1,59,4,59,0,0,0,129,53.7634,385,1194,1194,2,Trip Safety,1/26/2015,279,13,,0
midrux,1000,1,172,4,4,0,1,1,,,385,1000,1000,,TCO09 MM Round 1,2/25/2009,279,0,,0
Irioth,1621,37,68.81081081,3.243243243,1,1,2,4,,,465,1235,1842,,Marathon Match 86,2/23/2015,279,0,,0
sweetkang,1318,3,67,2.333333333,37,0,0,0,,,364,1154,1318,,OctaveClassifier,2/14/2014,279,0,,0
lionelc,989,1,,0,,0,0,0,201,27.957,385,989,989,36,Child Stuntedness 4,12/23/2014,279,57,1,1
EvbCFfp1XB,1842,21,34.76190476,7.047619048,10,0,0,3,31,88.8889,197,1384,1864,6,Marathon Match 86,2/23/2015,279,26,,0
MahmoudAGawad,,,,,,0,0,0,,,,,,,,,279,0,,0
f1zz0_13,,,,,,0,0,0,,,,,,,,,279,0,,0
mayoko,,,,,,0,0,0,,,,,,,,,279,0,,0
vidhyabhushanv,,,,,,0,0,0,,,,,,,,,279,0,,0
daga_sumit,,,,,,0,0,0,,,,,,,,,279,0,,0
ryuwonha,1297,6,137.6666667,2.833333333,6,0,0,1,,,302,1297,1572,,TCO11 Round 1,4/13/2011,279,0,,0
Ra16bit,,,,,,0,0,0,,,,,,,,,279,0,,0
abundrew,1484,19,70.84210526,8.315789474,12,0,0,0,,,264,1182,1537,,Marathon Match 86,2/23/2015,279,0,,0
TahaMahmoud,,,,,,0,0,0,,,,,,,,,279,0,,0
megaterik,1444,11,57.72727273,9.272727273,4,0,1,1,72,74.1936,529,1296,1693,1,Child Stuntedness 5,2/19/2015,279,2,1,1
ourtake,1094,4,145.5,4.5,25,0,0,0,156,44.086,397,842,1094,19,Child Stuntedness 5,2/19/2015,279,26,1,1
antslag,1143,6,9.833333333,3,6,0,0,4,,,271,1143,1214,,Marathon Match 80,5/1/2013,279,0,,0
ananthhh,836,1,43,1,43,0,0,0,,,385,836,836,,EPA ToxCast Challenge,4/23/2014,279,0,,0
Mril284,769,1,101,1,101,0,0,0,,,385,769,769,,Marathon Match 86,2/23/2015,279,0,,0
112atn323,2005,4,11.5,17.5,2,0,1,3,22,92.1147,588,1214,2005,4,Child Stuntedness 5,2/19/2015,279,26,,0
chicapi,,,355,1,355,0,0,0,,,,,,,,,279,0,,0
nhzp339,2748,58,10.86206897,27.86206897,1,12,35,46,3,98.9247,236,1489,2825,1,Child Stuntedness 5,2/19/2015,279,26,,0
smel,1333,4,79.25,2,7,0,0,1,,,264,1320,1438,,MM 35,6/11/2008,279,0,,0
moshu,1366,67,51.79104478,19.17910448,6,0,0,8,87,68.8172,302,1029,1537,2,Trip Safety,1/26/2015,279,4,,0
xiakunxian923,760,1,131,1,131,0,0,0,,,385,760,760,,AlleleClassifier,2/7/2014,279,0,,0
shilov,1432,8,110.5,7.625,27,0,0,0,,,363,1070,1432,,Marathon Match 86,2/23/2015,279,0,,0
OlexandrT,1597,8,63.375,11.125,3,0,1,1,,,343,1186,1597,,Marathon Match,8/11/2014,279,0,,0
gutoo,1075,9,32.11111111,2.888888889,11,0,0,0,162,41.9355,234,1025,1268,2,Trip Safety,1/26/2015,279,3,,0
yassine12,,,,,,0,0,0,,,,,,,,,279,0,,0
lipsum,1110,10,55.3,5.8,10,0,0,1,149,46.595,298,988,1674,18,Child Stuntedness 5,2/19/2015,279,26,,0
azukun,1544,9,66.44444444,7.777777778,1,1,1,1,,,277,1394,1610,,TCO14 Round 2,5/21/2014,279,0,,0
andresduque,1688,32,59.5,5.4375,2,0,2,5,48,82.7957,268,1135,1753,1,Marathon Match 86,2/23/2015,279,2,,0
aswmtjdsj,760,2,44,3.5,8,0,0,1,259,7.1685,385,760,760,25,Active Molecules,12/29/2014,279,26,1,1
not_,1835,11,42.45454545,13.90909091,6,0,0,2,,,269,1434,1964,,Marathon Match 86,2/23/2015,279,0,,0
1957,,,,,,0,0,0,,,,,,,,,279,0,,0
ynasu,1797,2,12,1,3,0,1,1,,,306,1752,1797,,Marathon Match,8/11/2014,279,0,,0
yedtoss,1043,11,70,2.363636364,23,0,0,0,179,35.8423,358,922,1108,1,Child Stuntedness 3,12/4/2014,279,1,1,1
yrtchn,1550,21,24.95238095,14.38095238,1,1,3,5,61,78.1362,212,1550,1713,5,Child Stuntedness 5,2/19/2015,279,18,,0
F.L.K,1164,2,47.5,2.5,15,0,0,0,136,51.2545,437,1164,1418,17,Trip Safety,1/26/2015,279,26,1,1
nims11,,,,,,0,0,0,,,,,,,,,279,0,,0
Lozy,1268,22,44.63636364,7.272727273,3,0,2,3,108,61.2903,571,1205,1685,15,Child Stuntedness 5,2/19/2015,279,26,2,3
air13,815,11,113.6363636,2.272727273,12,0,0,0,,,197,800,1119,,TCO14 Round 1,4/9/2014,279,0,,0
kossi_tg,1206,24,81.66666667,4,10,0,0,1,127,54.4803,191,915,1206,11,Marathon Match 86,2/23/2015,279,18,,0
WojciechMigda,1405,4,33.75,6.5,21,0,0,0,80,71.3262,315,1090,1405,9,Child Stuntedness 5,2/19/2015,279,16,,0
k_k1,,,,,,0,0,0,,,,,,,,,279,0,,0
vdave,1691,47,61.70212766,4.723404255,1,2,5,7,47,83.1541,331,1417,2024,2,Marathon Match 86,2/23/2015,279,2,,0
ctrucza,1064,41,100.3414634,4,1,1,2,2,,,299,1032,2047,,Marathon Match 86,2/23/2015,279,0,,0
marsavic,1708,26,51.11538462,4.307692308,1,1,2,4,,,580,1197,2290,,SensorFusion,4/5/2013,279,0,,0
Chmel_Tolstiy,1038,8,224.25,4.25,26,0,0,0,,,362,1038,1459,,TCO09 MM Round 1,2/25/2009,279,0,,0
rado42,891,48,75.33333333,10.14583333,2,0,3,5,,,450,891,1948,,Marathon Match 86,2/23/2015,279,0,,0
wsobolewski,996,17,95.58823529,2.705882353,10,0,0,1,197,29.3907,195,839,1109,15,Active Molecules,12/29/2014,279,16,,0
yoshibo-,1278,14,72.21428571,7.785714286,1,2,2,2,,,362,1204,1503,,Marathon Match 82,12/6/2013,279,0,,0
GoogleHireMe,955,2,229.5,4.5,218,0,0,0,,,312,955,1020,,TCO13 Round 1,3/27/2013,279,0,,0
EgorLakomkin,,,,,,0,0,0,,,,,,,,,279,0,,0
alex90,1412,2,117,7.5,15,0,0,0,,,478,1115,1412,,Tech Challenge for Atrocity Pr,8/22/2013,279,0,,0
kamalkishor1991,1027,1,44,14,44,0,0,0,,,385,1027,1027,,Soteria Serious Injury Predict,8/22/2012,279,0,,0
kumar.virakta,,,,,,0,0,0,,,,,,,,,279,0,,0
jaikamal,805,2,61,1.5,26,0,0,0,,,529,805,1153,,EPA Cyano Modeling Challenge,6/7/2014,279,0,,0
klo86min,1939,17,26.41176471,10,2,0,5,9,25,91.0394,500,1145,2128,4,Marathon Match 86,2/23/2015,279,18,,0
Venug,,,,,,0,0,0,,,,,,,,,279,0,,0
szd714,1481,15,72.33333333,6.466666667,1,2,3,5,,,258,1475,1687,,TCO10 Round 2,6/23/2010,279,0,,0
PuffRing,676,10,138.7,2.8,3,0,1,1,,,562,676,1202,,Marathon Match 66,10/27/2010,279,0,,0
jthread,1454,36,121.3888889,4.638888889,2,0,2,2,,,285,1048,1499,,TCO13 Round 3,6/5/2013,279,0,,0
fizzicks,884,6,154.6666667,6.833333333,78,0,0,0,,,253,884,1061,,MM 36,6/23/2008,279,0,,0
Fed,1767,9,73.88888889,5.888888889,16,0,0,0,,,354,1275,1767,,Marathon Match 86,2/23/2015,279,0,,0
aropan,1360,5,58.2,3.8,23,0,0,0,,,299,1356,1579,,Marathon Match 74,10/24/2011,279,0,,0
pfilippi,1350,3,34.33333333,7,19,0,0,0,89,68.1004,311,1238,1350,2,Child Stuntedness 5,2/19/2015,279,6,,0
pnomarev,1566,30,38.46666667,8.3,1,1,2,4,60,78.4946,355,1306,1951,4,Active Molecules,12/29/2014,279,18,,0
falanga,,,,,,0,0,0,,,,,,,,,279,0,,0
delabourdonnais,,,,,,0,0,0,,,,,,,,,279,0,,0
Neodym,,,,,,0,0,0,,,,,,,,,279,0,,0
alexpeptan,,,,,,0,0,0,,,,,,,,,279,0,,0
fine_plain,,,,,,0,0,0,,,,,,,,,279,0,,0
mak512,1033,2,75,3.5,68,0,0,0,183,34.4086,314,960,1033,5,Marathon Match 86,2/23/2015,279,13,,0
Visoks,891,2,59.5,6,52,0,0,0,232,16.8459,396,891,1097,3,Child Stuntedness 5,2/19/2015,279,3,1,1
1101,,,,,,0,0,0,,,,,,,,,279,0,,0
ZLATKO,1114,80,104.025,8.0375,5,0,1,2,135,51.6129,322,822,1411,1,Design of Experiments Challeng,10/17/2014,279,1,,0
brajeshlkw,1314,128,53.6484375,11.9765625,2,0,2,9,,,188,815,1655,,Marathon Match 86,2/23/2015,279,0,,0
lizame2012,,,,,,0,0,0,,,,,,,,,279,0,,0
AndyFang,1927,3,11.33333333,10.66666667,4,0,1,2,26,90.681,409,1706,1927,5,Child Stuntedness 4,12/23/2014,279,26,1,2
TMALBONPH,,,,,,0,0,0,,,,,,,,,279,0,,0
vokie,,,,,,0,0,0,,,,,,,,,279,0,,0
stzgd,1399,4,109.75,4.75,12,0,0,0,,,416,1245,1532,,Marathon Match,8/11/2014,279,0,,0
logico14,1225,1,66,8,66,0,0,0,,,385,1225,1225,,Marathon Match 86,2/23/2015,279,0,,0
JK24,,,,,,0,0,0,,,,,,,,,279,0,,0
knighthunter,,,,,,0,0,0,,,,,,,,,279,0,,0
kwrig,,,,,,0,0,0,,,,,,,,,279,0,,0
tau0,,,,,,0,0,0,,,,,,,,,279,0,,0
mrmillers,,,,,,0,0,0,,,,,,,,,279,0,,0
pfr,2577,7,2.714285714,10.14285714,1,2,6,7,7,97.491,512,1867,2577,2,Child Stuntedness 5,2/19/2015,279,18,,0